"","OID_","Field1","Lake","Project","Time","PercentCoverage","Depth","POINT_X","POINT_Y","geometry","id_point","fetch_km","weighted_fetch_km","fetch_km_all","weighted_fetch_km_all"
"1",1,1,"Ontario","IMRP","2024-08-06T19:37:24Z",60,47,-77.6934219999999,44.0243960000001,c(764998.500784132, 4879899.60775693),1,0.00267432112925871,0.00267432112925871,0.967872173461739,0.967872173461739
"2",2,2,"Ontario","IMRP","2024-08-06T19:42:11Z",90,55,-77.693479,44.0243790000001,c(764994.008282296, 4879897.53606201),2,0.00783921517849281,0.00783921517849281,1.01803168527606,1.01803168527606
"3",3,3,"Ontario","IMRP","2024-08-06T19:46:52Z",80,67,-77.693564,44.024366,c(764987.253852029, 4879895.8185689),3,0.0153530045786061,0.0153530045786061,1.07551091085599,1.07551091085599
"4",4,4,"Ontario","IMRP","2024-08-06T19:48:13Z",90,71,-77.693718,44.0243370000001,c(764975.040696878, 4879892.1018628),4,0.0320264391995986,0.0320264391995986,1.09186135805061,1.09186135805061
"5",5,5,"Ontario","IMRP","2024-08-06T19:50:39Z",90,78,-77.6938689999999,44.024274,c(764963.219581516, 4879884.61829108),5,0.047474391679932,0.047474391679932,1.1197656124999,1.1197656124999
"6",6,6,"Ontario","IMRP","2024-08-06T19:56:17Z",0,16,-77.693240832,44.024252539,c(765013.660508802, 4879884.25587578),6,0.00157970763619584,0.00157970763619584,0.912715153227788,0.912715153227788
"7",7,7,"Ontario","IMRP","2024-08-06T19:57:59Z",15,49,-77.69327,44.024236,c(765011.396571244, 4879882.32494327),7,0.0046074967511527,0.0046074967511527,0.929690091916038,0.929690091916038
"8",8,8,"Ontario","IMRP","2024-08-06T20:00:34Z",70,62,-77.693297,44.0241990000001,c(765009.397645189, 4879878.12828803),8,0.00905063319114491,0.00905063319114491,0.934471069406862,0.934471069406862
"9",9,9,"Ontario","IMRP","2024-08-06T20:03:14Z",60,82,-77.693495,44.024124,c(764993.863178218, 4879869.16051395),9,0.026710650918737,0.026710650918737,0.997500784287589,0.997500784287589
"10",10,10,"Ontario","IMRP","2024-08-06T20:06:20Z",60,82,-77.693741,44.0239980000001,c(764974.709072121, 4879854.37351639),10,0.0504160111060967,0.0504160111060967,1.07956113996638,1.07956113996638
"11",11,11,"Ontario","IMRP","2024-08-06T20:13:03Z",0,33,-77.693071,44.0239740000001,c(765028.514250059, 4879853.86378872),11,0.0029574930920281,0.0029574930920281,0.897184945346565,0.897184945346565
"12",12,12,"Ontario","IMRP","2024-08-06T20:15:00Z",50,45,-77.6931039999999,44.023968,c(765025.896177049, 4879853.09113567),12,0.0056882549261661,0.0056882549261661,0.916902729221373,0.916902729221373
"13",13,13,"Ontario","IMRP","2024-08-06T20:17:32Z",75,75,-77.693327,44.0238820000001,c(765008.407060338, 4879842.82105002),13,0.0264046138552408,0.0264046138552408,0.967445654970982,0.967445654970982
"14",14,14,"Ontario","IMRP","2024-08-06T20:19:55Z",70,82,-77.693547,44.023823,c(764991.03792168, 4879835.5596848),14,0.0455468715638675,0.0455468715638675,1.0388552950321,1.0388552950321
"15",15,15,"Ontario","IMRP","2024-08-06T20:21:52Z",60,99,-77.693838,44.023716,c(764968.192369203, 4879822.7383282),15,0.0729945261479012,0.0729945261479012,1.08959437658523,1.08959437658523
"16",16,16,"Ontario","IMRP","2024-08-06T20:34:59Z",0,34,-77.691676,44.022612,c(765146.396012788, 4879707.07051529),16,0.00489836073560817,0.00489836073560817,0.841280656182506,0.841280656182506
"17",17,17,"Ontario","IMRP","2024-08-06T20:37:32Z",70,45,-77.691728,44.0225950000001,c(765142.304152703, 4879705.01482215),17,0.00956242301384116,0.00956242301384116,0.84701681995793,0.84701681995793
"18",18,18,"Ontario","IMRP","2024-08-06T20:39:37Z",30,57,-77.69183,44.0225060000001,c(765134.526123416, 4879694.80077255),18,0.0210268232045502,0.0210268232045502,0.885048179966646,0.885048179966646
"19",19,19,"Ontario","IMRP","2024-08-06T20:41:15Z",10,65,-77.692084,44.0223770000001,c(765114.74394039, 4879679.65440024),19,0.045646136694092,0.045646136694092,0.934750083369986,0.934750083369986
"20",20,20,"Ontario","IMRP","2024-08-06T20:43:32Z",10,73,-77.6924749999999,44.0221910000001,c(765084.235551283, 4879657.73583196),20,0.0818084626260514,0.0818084626260514,1.02729950740451,1.02729950740451
"21",21,21,"Ontario","IMRP","2024-08-06T20:49:46Z",20,58,-77.6925229999999,44.0190000000001,c(765094.622648855, 4879303.14193962),21,0.000428123567792824,0.000428123567792824,0.953319323150692,0.953319323150692
"22",22,22,"Ontario","IMRP","2024-08-06T20:51:43Z",60,82,-77.692602,44.0190200000001,c(765088.201333956, 4879305.10914709),22,0.00717772942297846,0.00717772942297846,1.07584427060391,1.07584427060391
"23",23,23,"Ontario","IMRP","2024-08-06T20:54:31Z",40,75,-77.692559,44.0189120000001,c(765092.129662605, 4879293.25148939),23,0.00230386513273545,0.00230386513273545,1.1077241355338,1.1077241355338
"24",24,24,"Ontario","IMRP","2024-08-06T20:55:33Z",20,80,-77.692574,44.01885,c(765091.203915918, 4879286.31657691),24,0.0043291902064967,0.0043291902064967,1.16117589539991,1.16117589539991
"25",25,25,"Ontario","IMRP","2024-08-06T20:56:33Z",60,82,-77.6926539999999,44.0187770000001,c(765085.117252923, 4879277.95062415),25,0.0125370880743901,0.0125370880743901,1.61999811799956,1.61999811799956
"26",26,26,"Ontario","IMRP","2024-08-06T20:58:15Z",10,52,-77.6925115449999,44.0187687920001,c(765096.572136038, 4879277.49745623),26,0.00186008154049237,0.00186008154049237,1.60741315448623,1.60741315448623
"27",27,27,"Ontario","IMRP","2024-08-06T20:59:27Z",30,78,-77.692563,44.0187700000001,c(765092.4424475, 4879277.46600921),27,0.00572889300376776,0.00572889300376776,1.60617196623704,1.60617196623704
"28",28,28,"Ontario","IMRP","2024-08-06T21:00:42Z",70,100,-77.6926589999999,44.018717,c(765084.984110127, 4879271.27004969),28,0.0157465092048287,0.0157465092048287,1.63432133780288,1.63432133780288
"29",29,29,"Ontario","IMRP","2024-08-06T21:02:43Z",40,69,-77.6924729999999,44.0186670000001,c(765100.115713883, 4879266.31501402),29,0.0084553615212577,0.0084553615212577,1.57436330386808,1.57436330386808
"30",30,30,"Ontario","IMRP","2024-08-06T21:03:56Z",20,59,-77.6923159999999,44.0186400000001,c(765112.820284201, 4879263.8213768),30,0.00403914998606866,0.00403914998606866,1.47942846998703,1.47942846998703
"31",31,31,"Ontario","IMRP","2024-08-07T14:40:56Z",90,42,-77.0697969999999,44.066376,c(814757.343434547, 4886759.24300176),31,0.00331283538370291,0.00331283538370291,1.02811153839319,1.02811153839319
"32",32,32,"Ontario","IMRP","2024-08-07T14:43:31Z",50,40,-77.069825,44.0663960000001,c(814754.994737505, 4886761.35740294),32,0.00648873793908091,0.00648873793908091,1.1661010186072,1.1661010186072
"33",33,33,"Ontario","IMRP","2024-08-07T14:45:25Z",70,72,-77.06998,44.066356,c(814742.792940519, 4886756.32113056),33,0.015628688631634,0.015628688631634,1.65741503131691,1.65741503131691
"34",34,34,"Ontario","IMRP","2024-08-07T14:47:05Z",90,80,-77.070056,44.0663020000001,c(814736.992617869, 4886750.03209907),34,0.0272567056371458,0.0272567056371458,1.92299581215661,1.92299581215661
"35",35,35,"Ontario","IMRP","2024-08-07T14:49:07Z",10,25,-77.070256,44.0662320000001,c(814721.345897943, 4886741.49133515),35,0.0444206893588019,0.0444206893588019,2.07859848748867,2.07859848748867
"36",36,36,"Ontario","IMRP","2024-08-07T14:51:27Z",100,99,-77.070399,44.0662340000001,c(814709.882253342, 4886741.16631082),36,0.0541076239764596,0.0541076239764596,2.07914145678505,2.07914145678505
"37",37,37,"Ontario","IMRP","2024-08-07T14:55:09Z",20,59,-77.0701779999999,44.0661650000001,c(814727.948578149, 4886734.34759482),37,0.0516111518742731,0.0516111518742731,2.11493752775396,2.11493752775396
"38",38,38,"Ontario","IMRP","2024-08-07T14:58:43Z",60,31,-77.069642,44.066489,c(814769.157748018, 4886772.38797935),38,0.0023690776372225,0.0023690776372225,0.758617687561423,0.758617687561423
"39",39,39,"Ontario","IMRP","2024-08-07T15:01:05Z",60,40,-77.0697519999999,44.066494,c(814760.321223919, 4886772.52239275),39,0.00333849537262665,0.00333849537262665,0.967817533962652,0.967817533962652
"40",40,40,"Ontario","IMRP","2024-08-07T15:02:35Z",30,22,-77.069856,44.0664800000001,c(814752.066088697, 4886770.56930164),40,0.00645083358628132,0.00645083358628132,1.16676654142998,1.16676654142998
"41",41,41,"Ontario","IMRP","2024-08-07T15:04:31Z",40,52,-77.070119,44.0663950000001,c(814731.453318458, 4886760.12125166),41,0.0254291676969332,0.0254291676969332,1.78323138384167,1.78323138384167
"42",42,42,"Ontario","IMRP","2024-08-07T15:06:13Z",90,90,-77.070374,44.066337,c(814711.33793184, 4886752.70298035),42,0.0422735933568634,0.0422735933568634,1.94544807477247,1.94544807477247
"43",43,43,"Ontario","IMRP","2024-08-07T15:08:10Z",10,45,-77.0702669999999,44.066357,c(814719.801528299, 4886755.33396482),43,0.0352477439205778,0.0352477439205778,1.89169943782364,1.89169943782364
"44",44,44,"Ontario","IMRP","2024-08-07T15:10:08Z",40,55,-77.0701539999999,44.0664170000001,c(814728.5333805, 4886762.43103092),44,0.0245087709116719,0.0245087709116719,1.7164884798976,1.7164884798976
"45",45,45,"Ontario","IMRP","2024-08-07T15:13:53Z",70,15,-77.0699279999999,44.066565,c(814745.848421047, 4886779.73537847),45,0.00222859884375519,0.00222859884375519,1.1087284615057,1.1087284615057
"46",46,46,"Ontario","IMRP","2024-08-07T15:16:29Z",20,50,-77.069992,44.0665490000001,c(814740.807535124, 4886777.71321935),46,0.00616507862793899,0.00616507862793899,1.31486014864013,1.31486014864013
"47",47,47,"Ontario","IMRP","2024-08-07T15:17:58Z",40,53,-77.0701089999999,44.066519,c(814731.596138727, 4886773.93316174),47,0.0116438807312103,0.0116438807312103,1.5882127182222,1.5882127182222
"48",48,48,"Ontario","IMRP","2024-08-07T15:18:48Z",10,35,-77.070242,44.066475,c(814721.177578173, 4886768.53680435),48,0.0221098068190508,0.0221098068190508,1.7433238741613,1.7433238741613
"49",49,49,"Ontario","IMRP","2024-08-07T15:20:34Z",70,70,-77.0703369999999,44.0664630000001,c(814713.63263474, 4886766.84035638),49,0.0294367442244985,0.0294367442244985,1.74462726724226,1.74462726724226
"50",50,50,"Ontario","IMRP","2024-08-07T15:22:14Z",100,81,-77.0703159999999,44.0665710000001,c(814714.741397378, 4886778.9171108),50,0.0185955098742334,0.0185955098742334,1.6877131158294,1.6877131158294
"51",51,51,"Ontario","IMRP","2024-08-07T15:23:31Z",40,42,-77.070185,44.066695,c(814724.575196684, 4886793.19202737),51,0.0043904999138506,0.0043904999138506,1.59876334045104,1.59876334045104
"52",52,52,"Ontario","IMRP","2024-08-07T15:25:32Z",0,17,-77.070094,44.066875,c(814730.908132639, 4886813.53424913),52,0.0017160477358537,0.0017160477358537,1.30753597328978,1.30753597328978
"53",53,53,"Ontario","IMRP","2024-08-07T15:27:31Z",20,33,-77.07012,44.0669,c(814728.693106127, 4886816.21170061),53,0.00323163620443132,0.00323163620443132,1.37690918661128,1.37690918661128
"54",54,54,"Ontario","IMRP","2024-08-07T15:29:08Z",50,66,-77.070229,44.066898,c(814719.973886034, 4886815.57244729),54,0.0120798157282657,0.0120798157282657,1.50432384365934,1.50432384365934
"55",55,55,"Ontario","IMRP","2024-08-07T15:30:00Z",90,95,-77.070304,44.0668830000001,c(814714.046723386, 4886813.61929354),55,0.01836129037775,0.01836129037775,1.61856794481785,1.61856794481785
"56",56,56,"Ontario","IMRP","2024-08-07T15:33:50Z",20,68,-77.070217,44.0670030000001,c(814720.3777265, 4886827.28153224),56,0.00958229939815005,0.00958229939815005,1.50324003969287,1.50324003969287
"57",57,57,"Ontario","IMRP","2024-08-07T15:34:45Z",100,95,-77.0703379999999,44.06701,c(814710.649678202, 4886827.59607202),57,0.0193792646419125,0.0193792646419125,1.61838400727243,1.61838400727243
"58",58,58,"Ontario","IMRP","2024-08-07T15:36:21Z",10,25,-77.070121,44.06703,c(814727.923079864, 4886830.64798494),58,0.00151731093794714,0.00151731093794714,1.37579914533812,1.37579914533812
"59",59,59,"Ontario","IMRP","2024-08-07T16:43:54Z",100,55,-77.0310469999999,44.0744990000001,c(817817.326197765, 4887810.55729999),59,0.0112879403221988,0.0112879403221988,0.437281915198901,0.437281915198901
"60",60,60,"Ontario","IMRP","2024-08-07T16:45:56Z",100,55,-77.0310689999999,44.074462,c(817815.762788095, 4887806.36238688),60,0.0109092622795815,0.0109092622795815,0.439759391126085,0.439759391126085
"61",61,61,"Ontario","IMRP","2024-08-07T16:46:31Z",100,68,-77.03101,44.0743590000001,c(817821.039688386, 4887795.14937713),61,0.0196393878319175,0.0196393878319175,0.524859125757737,0.524859125757737
"62",62,62,"Ontario","IMRP","2024-08-07T16:50:56Z",100,70,-77.030602,44.0746310000001,c(817852.254101595, 4887826.93955183),62,0.042138509205346,0.042138509205346,0.521536605958481,0.521536605958481
"63",63,63,"Ontario","IMRP","2024-08-07T16:51:18Z",100,75,-77.030594,44.0746970000001,c(817852.540881019, 4887834.3016237),63,0.0389634677707911,0.0389634677707911,0.520303071004321,0.520303071004321
"64",64,64,"Ontario","IMRP","2024-08-07T16:51:33Z",100,69,-77.030613,44.0747460000001,c(817850.756652347, 4887839.6710066),64,0.0334737922215603,0.0334737922215603,0.519106235085439,0.519106235085439
"65",65,65,"Ontario","IMRP","2024-08-07T16:51:48Z",100,62,-77.030632,44.0747850000001,c(817849.026040652, 4887843.92960962),65,0.0287755863773163,0.0287755863773163,0.439203727863114,0.439203727863114
"66",66,66,"Ontario","IMRP","2024-08-07T16:52:13Z",100,56,-77.03066,44.0748520000001,c(817846.424594185, 4887851.26361066),66,0.0207682924680293,0.0207682924680293,0.435019303699443,0.435019303699443
"67",67,67,"Ontario","IMRP","2024-08-07T16:52:33Z",100,55,-77.0306429999999,44.074891,c(817847.576849831, 4887855.66136263),67,0.0164728833318697,0.0164728833318697,0.432454449406511,0.432454449406511
"68",68,68,"Ontario","IMRP","2024-08-07T16:52:43Z",100,50,-77.0305999999999,44.074913,c(817850.902315461, 4887858.2712855),68,0.014512473045777,0.014512473045777,0.433312934281115,0.433312934281115
"69",69,69,"Ontario","IMRP","2024-08-07T16:53:09Z",100,54,-77.0304609999999,44.074958,c(817861.792086744, 4887863.80708059),69,0.0129292018942782,0.0129292018942782,0.433056682541156,0.433056682541156
"70",70,70,"Ontario","IMRP","2024-08-07T16:53:29Z",100,57,-77.0303059999999,44.0749960000001,c(817874.000644273, 4887868.62719745),70,0.0154910401032675,0.0154910401032675,0.514028317187428,0.514028317187428
"71",71,71,"Ontario","IMRP","2024-08-07T16:53:45Z",100,60,-77.030175,44.075029,c(817884.314092589, 4887872.79917063),71,0.0194762204335941,0.0194762204335941,0.510711762678667,0.510711762678667
"72",72,72,"Ontario","IMRP","2024-08-07T16:54:04Z",100,65,-77.0300109999999,44.0750840000001,c(817897.152174107, 4887879.54245014),72,0.0234751687012378,0.0234751687012378,0.500555771118286,0.500555771118286
"73",73,73,"Ontario","IMRP","2024-08-07T16:54:19Z",100,60,-77.029938,44.0751470000001,c(817902.66012596, 4887886.8225765),73,0.0231916593573292,0.0231916593573292,0.49896371505464,0.49896371505464
"74",74,74,"Ontario","IMRP","2024-08-07T16:54:37Z",100,60,-77.029849,44.0752370000001,c(817909.304540895, 4887897.1636712),74,0.023636736548243,0.023636736548243,0.496632710492476,0.496632710492476
"75",75,75,"Ontario","IMRP","2024-08-07T16:54:51Z",100,57,-77.029771,44.0753080000001,c(817915.169956209, 4887905.35176404),75,0.0249965968338518,0.0249965968338518,0.491156852417751,0.491156852417751
"76",76,76,"Ontario","IMRP","2024-08-07T16:55:12Z",100,58,-77.029614,44.075362,c(817927.452755069, 4887911.95696693),76,0.0293101565384192,0.0293101565384192,0.484332268608805,0.484332268608805
"77",77,77,"Ontario","IMRP","2024-08-07T16:55:23Z",80,57,-77.029523,44.0753740000001,c(817934.675576776, 4887913.64173605),77,0.0296730746000526,0.0296730746000526,0.484047172860017,0.484047172860017
"78",78,78,"Ontario","IMRP","2024-08-07T16:55:40Z",10,58,-77.029377,44.075411,c(817946.16865144, 4887918.31611914),78,0.0291754459772648,0.0291754459772648,0.482849384000523,0.482849384000523
"79",79,79,"Ontario","IMRP","2024-08-07T17:13:40Z",100,90,-77.024874,44.0751720000001,c(818308.046848608, 4887909.18913229),79,0.0200152783891359,0.0200152783891359,0.431764449669776,0.431764449669776
"80",80,80,"Ontario","IMRP","2024-08-07T17:14:03Z",100,92,-77.0248549999999,44.075202,c(818309.407272389, 4887912.59502079),80,0.0207636969937761,0.0207636969937761,0.431432437811734,0.431432437811734
"81",81,81,"Ontario","IMRP","2024-08-07T17:14:33Z",100,87,-77.024758,44.075297,c(818316.66484611, 4887923.52291772),81,0.0227983432538964,0.0227983432538964,0.418003955109039,0.418003955109039
"82",82,82,"Ontario","IMRP","2024-08-07T17:14:54Z",20,80,-77.02466,44.0753280000001,c(818324.346128394, 4887927.34569948),82,0.0218104613982399,0.0218104613982399,0.377988092444635,0.377988092444635
"83",83,83,"Ontario","IMRP","2024-08-07T17:15:07Z",30,70,-77.024618,44.075338,c(818327.655747188, 4887928.61906665),83,0.021847518637262,0.021847518637262,0.376778350345546,0.376778350345546
"84",84,84,"Ontario","IMRP","2024-08-07T17:15:37Z",20,67,-77.0245409999999,44.075339,c(818333.816454824, 4887929.02822463),84,0.0203877917482313,0.0203877917482313,0.316414170541208,0.316414170541208
"85",85,85,"Ontario","IMRP","2024-08-07T17:15:56Z",50,65,-77.0244749999999,44.075381,c(818338.876129482, 4887933.94900472),85,0.0217164340600967,0.0217164340600967,0.313879154798357,0.313879154798357
"86",86,86,"Ontario","IMRP","2024-08-07T17:16:14Z",30,60,-77.024414,44.0754010000001,c(818343.653541438, 4887936.40671517),86,0.0197917334778156,0.0197917334778156,0.31179729489698,0.31179729489698
"87",87,87,"Ontario","IMRP","2024-08-07T17:16:29Z",10,59,-77.024377,44.075431,c(818346.455358413, 4887939.88229679),87,0.0179999650490144,0.0179999650490144,0.30983452007885,0.30983452007885
"88",88,88,"Ontario","IMRP","2024-08-07T17:16:53Z",40,52,-77.024349,44.0755100000001,c(818348.273330918, 4887948.76586208),88,0.0145932525655484,0.0145932525655484,0.307435125065859,0.307435125065859
"89",89,89,"Ontario","IMRP","2024-08-07T17:17:14Z",70,55,-77.024349,44.0755760000001,c(818347.918907151, 4887956.09701402),89,0.0130552717971962,0.0130552717971962,0.306802957283738,0.306802957283738
"90",90,90,"Ontario","IMRP","2024-08-07T17:17:33Z",90,54,-77.024357,44.075632,c(818346.977555388, 4887962.28641427),90,0.0120291620719848,0.0120291620719848,0.363419152744309,0.363419152744309
"91",91,91,"Ontario","IMRP","2024-08-07T17:17:46Z",80,56,-77.024369,44.0756630000001,c(818345.850141787, 4887965.68337759),91,0.0122786310037081,0.0122786310037081,0.360554206360785,0.360554206360785
"92",92,92,"Ontario","IMRP","2024-08-07T17:18:08Z",80,62,-77.024421,44.0756950000001,c(818341.51422131, 4887969.03656536),92,0.0149857473077159,0.0149857473077159,0.361784658972034,0.361784658972034
"93",93,93,"Ontario","IMRP","2024-08-07T17:18:22Z",40,63,-77.0244509999999,44.0757100000001,c(818339.031318977, 4887970.58659699),93,0.016556788990261,0.016556788990261,0.415890312285362,0.415890312285362
"94",94,94,"Ontario","IMRP","2024-08-07T17:18:42Z",10,64,-77.0244959999999,44.075751,c(818335.207624997, 4887974.9665902),94,0.0185232383500664,0.0185232383500664,0.45328245416371,0.45328245416371
"95",95,95,"Ontario","IMRP","2024-08-07T17:18:51Z",10,70,-77.0245169999999,44.0757760000001,c(818333.391733, 4887977.66224567),95,0.0193156478394011,0.0193156478394011,0.453299240076545,0.453299240076545
"96",96,96,"Ontario","IMRP","2024-08-07T17:19:26Z",30,59,-77.02447,44.0758640000001,c(818336.682861738, 4887987.61906405),96,0.0136708261545171,0.0136708261545171,0.448868006080901,0.448868006080901
"97",97,97,"Ontario","IMRP","2024-08-07T17:19:35Z",100,60,-77.024443,44.0758710000001,c(818338.807383812, 4887988.50113533),97,0.0113506287977919,0.0113506287977919,0.447220465258922,0.447220465258922
"98",98,98,"Ontario","IMRP","2024-08-07T17:19:49Z",70,47,-77.024391,44.0758720000001,c(818342.966080466, 4887988.81352249),98,0.0070203413512339,0.0070203413512339,0.407054364847791,0.407054364847791
"99",99,99,"Ontario","IMRP","2024-08-07T17:20:55Z",100,59,-77.024467,44.075925,c(818336.595530572, 4887994.40643971),99,0.0133960583184021,0.0133960583184021,0.450659253811836,0.450659253811836
"100",100,100,"Ontario","IMRP","2024-08-07T17:21:11Z",95,57,-77.0244969999999,44.0759410000001,c(818334.107268299, 4887996.06755075),100,0.0160367221930537,0.0160367221930537,0.451423389566321,0.451423389566321
"101",101,101,"Ontario","IMRP","2024-08-07T17:22:30Z",40,59,-77.024686,44.076061,c(818318.328148097, 4888008.66526932),101,0.0334434222806491,0.0334434222806491,0.472977561376451,0.472977561376451
"102",102,102,"Ontario","IMRP","2024-08-07T17:22:50Z",0,55,-77.024763,44.0760960000001,c(818311.974211992, 4888012.25493229),102,0.0351204598399422,0.0351204598399422,0.467616394611443,0.467616394611443
"103",103,103,"Ontario","IMRP","2024-08-07T17:23:06Z",20,57,-77.0248339999999,44.0761150000001,c(818306.186661498, 4888014.09057754),103,0.0377901645968086,0.0377901645968086,0.478607433833475,0.478607433833475
"104",104,104,"Ontario","IMRP","2024-08-07T17:23:24Z",60,62,-77.024911,44.0761360000001,c(818299.907908849, 4888016.12515874),104,0.0417306067380255,0.0417306067380255,0.480032990356641,0.480032990356641
"105",105,105,"Ontario","IMRP","2024-08-07T17:23:36Z",100,60,-77.024962,44.076151,c(818295.743399496, 4888017.59391774),105,0.0450799305326019,0.0450799305326019,0.475097495860329,0.475097495860329
"106",106,106,"Ontario","IMRP","2024-08-07T17:23:46Z",100,57,-77.024996,44.0761570000001,c(818292.988538029, 4888018.12877957),106,0.0462227903703695,0.0462227903703695,0.47556022746058,0.47556022746058
"107",107,107,"Ontario","IMRP","2024-08-07T17:24:08Z",100,58,-77.0250589999999,44.0761650000001,c(818287.900682383, 4888018.77354786),107,0.0485420106175177,0.0485420106175177,0.476548833717625,0.476548833717625
"108",108,108,"Ontario","IMRP","2024-08-07T17:24:22Z",100,60,-77.0251019999999,44.0761660000001,c(818284.451967669, 4888018.7181866),108,0.0498030410076973,0.0498030410076973,0.477435279875729,0.477435279875729
"109",109,109,"Ontario","IMRP","2024-08-07T17:24:59Z",100,63,-77.025186,44.076171,c(818277.698587258, 4888018.94844485),109,0.0505588846685588,0.0505588846685588,0.485785567072598,0.485785567072598
"110",110,110,"Ontario","IMRP","2024-08-07T17:26:30Z",100,63,-77.02541,44.0762560000001,c(818259.304822736, 4888027.52309499),110,0.0413769534986103,0.0413769534986103,0.486165638312693,0.486165638312693
"111",111,111,"Ontario","IMRP","2024-08-07T17:26:57Z",100,66,-77.0254439999999,44.0762950000001,c(818256.372804472, 4888031.72354775),111,0.0364179427989416,0.0364179427989416,0.476077534465984,0.476077534465984
"112",112,112,"Ontario","IMRP","2024-08-07T17:27:20Z",50,64,-77.025544,44.076313,c(818248.268408506, 4888033.33592503),112,0.0303896851561817,0.0303896851561817,0.48387048292725,0.48387048292725
"113",113,113,"Ontario","IMRP","2024-08-07T17:27:43Z",40,60,-77.0256459999999,44.0762800000001,c(818240.277649309, 4888029.27559066),113,0.028991595488008,0.028991595488008,0.485913406328946,0.485913406328946
"114",114,114,"Ontario","IMRP","2024-08-07T17:28:02Z",100,67,-77.02572,44.076241,c(818234.561265884, 4888024.65715935),114,0.0292397857059112,0.0292397857059112,0.504662198746042,0.504662198746042
"115",115,115,"Ontario","IMRP","2024-08-07T17:28:16Z",50,66,-77.025775,44.076215,c(818230.296565353, 4888021.5562781),115,0.0290406425006142,0.0290406425006142,0.505451165817143,0.505451165817143
"116",116,116,"Ontario","IMRP","2024-08-07T17:28:38Z",50,64,-77.025841,44.0761640000001,c(818225.285207829, 4888015.63587894),116,0.0304015831017504,0.0304015831017504,0.5228812594287,0.5228812594287
"117",117,117,"Ontario","IMRP","2024-08-07T17:29:03Z",40,70,-77.0259149999999,44.076108,c(818219.660057908, 4888009.12913484),117,0.031485402193685,0.031485402193685,0.52414575439265,0.52414575439265
"118",118,118,"Ontario","IMRP","2024-08-07T17:29:16Z",30,70,-77.025948,44.076087,c(818217.130214698, 4888006.66879056),118,0.0315432586568255,0.0315432586568255,0.524588292522818,0.524588292522818
"119",119,119,"Ontario","IMRP","2024-08-07T17:29:42Z",50,69,-77.026021,44.076041,c(818211.531448133, 4888001.27670463),119,0.0316320368718627,0.0316320368718627,0.527882650045063,0.527882650045063
"120",120,120,"Ontario","IMRP","2024-08-07T17:29:57Z",60,70,-77.026063,44.0760310000001,c(818208.221851206, 4888000.00339491),120,0.030263115191824,0.030263115191824,0.53508643044469,0.53508643044469
"121",121,121,"Ontario","IMRP","2024-08-07T17:30:16Z",100,70,-77.02615,44.0759880000001,c(818201.485876087, 4887994.89037641),121,0.0293493873283606,0.0293493873283606,0.536320360331925,0.536320360331925
"122",122,122,"Ontario","IMRP","2024-08-07T17:30:40Z",100,77,-77.02622,44.075926,c(818196.213201996, 4887987.73266481),122,0.0306783244124252,0.0306783244124252,0.543202761548868,0.543202761548868
"123",123,123,"Ontario","IMRP","2024-08-07T17:31:02Z",100,82,-77.026281,44.0758940000001,c(818191.500195525, 4887983.94212525),123,0.0296056321064265,0.0296056321064265,0.54399430634274,0.54399430634274
"124",124,124,"Ontario","IMRP","2024-08-07T17:31:42Z",60,75,-77.026395,44.075833,c(818182.698690551, 4887976.72524642),124,0.0289943739587163,0.0289943739587163,0.553053966028668,0.553053966028668
"125",125,125,"Ontario","IMRP","2024-08-07T17:31:56Z",40,82,-77.0264539999999,44.075813,c(818178.081418381, 4887974.27539268),125,0.0284703222150605,0.0284703222150605,0.553485749118394,0.553485749118394
"126",126,126,"Ontario","IMRP","2024-08-07T17:32:39Z",80,83,-77.026639,44.075743,c(818163.642625358, 4887965.78411815),126,0.0305724645892704,0.0305724645892704,0.554759180871576,0.554759180871576
"127",127,127,"Ontario","IMRP","2024-08-07T17:33:12Z",100,80,-77.026804,44.0757400000001,c(818150.445794236, 4887964.81248635),127,0.0280274200186401,0.0280274200186401,0.562004352776256,0.562004352776256
"128",128,128,"Ontario","IMRP","2024-08-07T17:33:27Z",100,74,-77.026872,44.075764,c(818144.871664902, 4887967.21527011),128,0.0236995032741414,0.0236995032741414,0.560382880453387,0.560382880453387
"129",129,129,"Ontario","IMRP","2024-08-07T17:33:44Z",80,79,-77.0269279999999,44.0757780000001,c(818140.312145525, 4887968.55370429),129,0.0207408710157042,0.0207408710157042,0.559164268618871,0.559164268618871
"130",130,130,"Ontario","IMRP","2024-08-07T17:34:13Z",100,65,-77.027053,44.075796,c(818130.205759575, 4887970.06950746),130,0.0155232268895264,0.0155232268895264,0.555612804359606,0.555612804359606
"131",131,131,"Ontario","IMRP","2024-08-07T17:34:29Z",100,56,-77.027117,44.07581,c(818125.005619807, 4887971.37700198),131,0.0122306348468901,0.0122306348468901,0.435241928096725,0.435241928096725
"132",132,132,"Ontario","IMRP","2024-08-07T17:34:50Z",70,54,-77.0271759999999,44.075833,c(818120.157577488, 4887973.7035461),132,0.00799656937650001,0.00799656937650001,0.440977575082996,0.440977575082996
"133",133,133,"Ontario","IMRP","2024-08-07T17:35:41Z",30,50,-77.027271,44.0758020000001,c(818112.716493714, 4887969.89261083),133,0.00788201681795155,0.00788201681795155,0.442295721004983,0.442295721004983
"134",134,134,"Ontario","IMRP","2024-08-07T17:35:57Z",70,53,-77.0273079999999,44.0757840000001,c(818109.850186257, 4887967.75007062),134,0.00901890507084884,0.00901890507084884,0.443407296497711,0.443407296497711
"135",135,135,"Ontario","IMRP","2024-08-07T17:36:17Z",90,54,-77.027341,44.075767,c(818107.298824294, 4887965.73408369),135,0.0104543625417713,0.0104543625417713,0.446005913925199,0.446005913925199
"136",136,136,"Ontario","IMRP","2024-08-07T17:36:34Z",20,60,-77.027394,44.0757380000001,c(818103.210284977, 4887962.30779266),136,0.0129811650464067,0.0129811650464067,0.449633961968911,0.449633961968911
"137",137,137,"Ontario","IMRP","2024-08-07T17:36:53Z",50,64,-77.027432,44.075682,c(818100.467796778, 4887955.94042272),137,0.0187345003885407,0.0187345003885407,0.464768186110338,0.464768186110338
"138",138,138,"Ontario","IMRP","2024-08-07T17:37:17Z",70,62,-77.0274709999999,44.075614,c(818097.709613987, 4887948.23624933),138,0.0256629483920612,0.0256629483920612,0.469525825879332,0.469525825879332
"139",139,139,"Ontario","IMRP","2024-08-07T17:37:34Z",80,67,-77.027525,44.0756220000001,c(818093.342446509, 4887948.91598457),139,0.0238046207796361,0.0238046207796361,0.467872408795045,0.467872408795045
"140",140,140,"Ontario","IMRP","2024-08-07T17:37:52Z",80,62,-77.027598,44.0756210000001,c(818087.502079236, 4887948.52252388),140,0.0225670902527048,0.0225670902527048,0.469667719572239,0.469667719572239
"141",141,141,"Ontario","IMRP","2024-08-07T17:38:05Z",100,65,-77.027654,44.075612,c(818083.065971565, 4887947.30620269),141,0.0225686241432265,0.0225686241432265,0.470255868815133,0.470255868815133
"142",142,142,"Ontario","IMRP","2024-08-07T17:38:15Z",70,62,-77.027704,44.0756040000001,c(818079.10496837, 4887946.2241713),142,0.0227099903327034,0.0227099903327034,0.470693410539098,0.470693410539098
"143",143,143,"Ontario","IMRP","2024-08-07T17:38:31Z",30,68,-77.02778,44.075586,c(818073.115575442, 4887943.93079247),143,0.0236842340313664,0.0236842340313664,0.468672755479633,0.468672755479633
"144",144,144,"Ontario","IMRP","2024-08-07T17:38:45Z",30,64,-77.027847,44.0755780000001,c(818067.79323305, 4887942.78301151),144,0.0238867205320794,0.0238867205320794,0.468826781288965,0.468826781288965
"145",145,145,"Ontario","IMRP","2024-08-07T17:39:00Z",20,59,-77.027914,44.075571,c(818062.465523985, 4887941.74631298),145,0.0241246010773446,0.0241246010773446,0.46932666796011,0.46932666796011
"146",146,146,"Ontario","IMRP","2024-08-07T17:39:20Z",60,60,-77.028001,44.0755750000001,c(818055.477225233, 4887941.85412062),146,0.0237239909891265,0.0237239909891265,0.469783272154302,0.469783272154302
"147",147,147,"Ontario","IMRP","2024-08-07T17:39:41Z",70,59,-77.028087,44.075591,c(818048.504626096, 4887943.29873992),147,0.0223184022761813,0.0223184022761813,0.468760921630893,0.468760921630893
"148",148,148,"Ontario","IMRP","2024-08-07T17:40:21Z",40,54,-77.028225,44.0756210000001,c(818037.292838646, 4887946.09734217),148,0.0202359165751057,0.0202359165751057,0.472245316132492,0.472245316132492
"149",149,149,"Ontario","IMRP","2024-08-07T17:41:06Z",10,54,-77.0283489999999,44.0756500000001,c(818027.207525921, 4887948.83902967),149,0.0187882075559911,0.0187882075559911,0.449258290462526,0.449258290462526
"150",150,150,"Ontario","IMRP","2024-08-07T17:41:22Z",80,55,-77.0284159999999,44.0756460000001,c(818021.863725118, 4887948.13559812),150,0.0201770900217198,0.0201770900217198,0.44967841734786,0.44967841734786
"151",151,151,"Ontario","IMRP","2024-08-07T17:41:39Z",90,52,-77.028474,44.07563,c(818017.305003836, 4887946.13404068),151,0.0225985346385612,0.0225985346385612,0.458513358772434,0.458513358772434
"152",152,152,"Ontario","IMRP","2024-08-07T17:41:52Z",100,47,-77.028508,44.0756230000001,c(818014.619885165, 4887945.22500458),152,0.0236255230939881,0.0236255230939881,0.463669135852259,0.463669135852259
"153",153,153,"Ontario","IMRP","2024-08-07T17:42:17Z",50,46,-77.028585,44.0755980000001,c(818008.587946499, 4887942.15027196),153,0.0263197264403323,0.0263197264403323,0.465618767069591,0.465618767069591
"154",154,154,"Ontario","IMRP","2024-08-07T17:42:31Z",100,47,-77.028643,44.075584,c(818004.018489253, 4887940.37088021),154,0.0275416838499374,0.0275416838499374,0.466659701695249,0.466659701695249
"155",155,155,"Ontario","IMRP","2024-08-07T17:43:02Z",90,46,-77.028756,44.075544,c(817995.184173011, 4887935.49077136),155,0.0314606958811995,0.0314606958811995,0.470467559782285,0.470467559782285
"156",156,156,"Ontario","IMRP","2024-08-07T17:43:21Z",100,49,-77.028802,44.07554,c(817991.522011872, 4887934.86857419),156,0.0317187797920309,0.0317187797920309,0.470588768121621,0.470588768121621
"157",157,157,"Ontario","IMRP","2024-08-07T17:43:40Z",50,43,-77.028871,44.075519,c(817986.109228142, 4887932.2691117),157,0.0332123385204522,0.0332123385204522,0.47970952255574,0.47970952255574
"158",158,158,"Ontario","IMRP","2024-08-07T17:43:57Z",80,45,-77.02894,44.075496,c(817980.707168116, 4887929.44749781),158,0.0337722914385132,0.0337722914385132,0.482080093124899,0.482080093124899
"159",159,159,"Ontario","IMRP","2024-08-07T17:44:09Z",80,46,-77.028983,44.0754900000001,c(817977.295966653, 4887928.61475343),159,0.0330442308667375,0.0330442308667375,0.480687000665081,0.480687000665081
"160",160,160,"Ontario","IMRP","2024-08-07T17:51:35Z",30,30,-77.031167,44.074481,c(817807.813085286, 4887808.09412126),160,0.00260500525861389,0.00260500525861389,0.366400387529119,0.366400387529119
"161",161,161,"Ontario","IMRP","2024-08-07T17:52:10Z",80,23,-77.031155,44.074507,c(817808.634667106, 4887811.02852658),161,0.00268001046880913,0.00268001046880913,0.365854687894693,0.365854687894693
"162",162,162,"Ontario","IMRP","2024-08-07T17:52:28Z",80,23,-77.0311349999999,44.0745410000001,c(817810.054001901, 4887814.88247426),162,0.00288850627862502,0.00288850627862502,0.365221486141106,0.365221486141106
"163",163,163,"Ontario","IMRP","2024-08-07T17:52:51Z",100,29,-77.031105,44.0745860000001,c(817812.215165275, 4887819.99692842),163,0.00335671573969628,0.00335671573969628,0.365608786741022,0.365608786741022
"164",164,164,"Ontario","IMRP","2024-08-07T17:53:11Z",100,30,-77.031081,44.0746340000001,c(817813.87976307, 4887825.42142867),164,0.00388074504778175,0.00388074504778175,0.366441236419119,0.366441236419119
"165",165,165,"Ontario","IMRP","2024-08-07T17:53:29Z",100,47,-77.031042,44.0746540000001,c(817816.895659701, 4887827.79371754),165,0.00631082100896974,0.00631082100896974,0.367919153918769,0.367919153918769
"166",166,166,"Ontario","IMRP","2024-08-07T17:53:47Z",100,42,-77.031034,44.074689,c(817817.348666447, 4887831.71236715),166,0.00578876137316459,0.00578876137316459,0.368022568335857,0.368022568335857
"167",167,167,"Ontario","IMRP","2024-08-07T17:55:12Z",100,45,-77.031016,44.074738,c(817818.527416523, 4887837.22475788),167,0.00579011654619739,0.00579011654619739,0.366394464278117,0.366394464278117
"168",168,168,"Ontario","IMRP","2024-08-07T17:55:38Z",100,46,-77.031015,44.074781,c(817818.376975542, 4887842.00497776),168,0.00543911567401873,0.00543911567401873,0.363069076569748,0.363069076569748
"169",169,169,"Ontario","IMRP","2024-08-07T17:56:08Z",100,37,-77.0310229999999,44.07482,c(817817.527261596, 4887846.3061017),169,0.00588609869808392,0.00588609869808392,0.308528875889581,0.308528875889581
"170",170,170,"Ontario","IMRP","2024-08-07T17:56:40Z",100,41,-77.031009,44.074869,c(817818.385688946, 4887851.80303316),170,0.00957713185641282,0.00957713185641282,0.30832829254711,0.30832829254711
"171",171,171,"Ontario","IMRP","2024-08-07T17:57:21Z",10,66,-77.031054,44.0749530000001,c(817814.331793194, 4887860.95966845),171,0.00186575611971943,0.00186575611971943,0.241027135282148,0.241027135282148
"172",172,172,"Ontario","IMRP","2024-08-07T17:58:16Z",100,67,-77.030944,44.0749520000001,c(817823.1458915, 4887861.27372876),172,0.00648383537733656,0.00648383537733656,0.300651024079115,0.300651024079115
"173",173,173,"Ontario","IMRP","2024-08-07T17:59:31Z",100,50,-77.030857,44.0749970000001,c(817829.871548841, 4887866.60849408),173,0.003438794692568,0.003438794692568,0.33897928480926,0.33897928480926
"174",174,174,"Ontario","IMRP","2024-08-07T18:00:17Z",100,47,-77.030789,44.0749950000001,c(817835.32766858, 4887866.64916251),174,0.0037996511420917,0.0037996511420917,0.353380374337886,0.353380374337886
"175",175,175,"Ontario","IMRP","2024-08-07T18:16:21Z",0,44,-77.06774,44.067015,c(814918.69714443, 4886838.09581191),175,0.00146788969563361,0.00146788969563361,1.22847495394355,1.22847495394355
"176",176,176,"Ontario","IMRP","2024-08-07T18:16:47Z",30,39,-77.067788,44.0670030000001,c(814914.916545289, 4886836.57908933),176,0.00172518240670883,0.00172518240670883,1.17951684679029,1.17951684679029
"177",177,177,"Ontario","IMRP","2024-08-07T18:17:08Z",0,31,-77.067831,44.066993,c(814911.525774499, 4886835.30366894),177,0.000943488924520924,0.000943488924520924,1.1788041263417,1.1788041263417
"178",178,178,"Ontario","IMRP","2024-08-07T18:17:24Z",50,42,-77.06785,44.0669750000001,c(814910.099647566, 4886833.23152034),178,0.00187360379458456,0.00187360379458456,1.2276123419572,1.2276123419572
"179",179,179,"Ontario","IMRP","2024-08-07T18:18:01Z",10,33,-77.067896,44.0669540000001,c(814906.527016223, 4886830.72276048),179,0.00149887873510202,0.00149887873510202,1.22699153887391,1.22699153887391
"180",180,180,"Ontario","IMRP","2024-08-07T18:18:46Z",80,60,-77.067962,44.0669080000001,c(814901.48533158, 4886825.36048293),180,0.00239801502868503,0.00239801502868503,1.22772994535147,1.22772994535147
"181",181,181,"Ontario","IMRP","2024-08-07T18:19:33Z",30,40,-77.068076,44.0668850000001,c(814892.477175948, 4886822.36922313),181,0.00101886817373056,0.00101886817373056,1.22500439448851,1.22500439448851
"182",182,182,"Ontario","IMRP","2024-08-07T18:19:56Z",60,50,-77.068091,44.0668650000001,c(814891.382021061, 4886820.09023803),182,0.00250327129293632,0.00250327129293632,1.22556746326437,1.22556746326437
"183",183,183,"Ontario","IMRP","2024-08-07T18:20:27Z",0,25,-77.068189,44.0668460000001,c(814883.634060398, 4886817.60456004),183,0.00109108222657473,0.00109108222657473,1.174774188464,1.174774188464
"184",184,184,"Ontario","IMRP","2024-08-07T18:20:52Z",20,35,-77.068237,44.0668200000001,c(814879.927779195, 4886814.53276962),184,0.00234899370529457,0.00234899370529457,1.22411273046149,1.22411273046149
"185",185,185,"Ontario","IMRP","2024-08-07T18:21:10Z",20,39,-77.068254,44.066812,c(814878.608721203, 4886813.57906338),185,0.00292776746414714,0.00292776746414714,1.22407176402477,1.22407176402477
"186",186,186,"Ontario","IMRP","2024-08-07T18:21:35Z",20,34,-77.068302,44.066803,c(814874.812171397, 4886812.39559834),186,0.00244430955608469,0.00244430955608469,0.990796603904953,0.990796603904953
"187",187,187,"Ontario","IMRP","2024-08-07T18:22:00Z",10,34,-77.068344,44.0667910000001,c(814871.51209142, 4886810.90187243),187,0.00203505748466962,0.00203505748466962,0.99026213674052,0.99026213674052
"188",188,188,"Ontario","IMRP","2024-08-07T18:22:33Z",0,37,-77.068403,44.066761,c(814866.946044583, 4886807.34366667),188,0.00121229041227222,0.00121229041227222,0.874908341128977,0.874908341128977
"189",189,189,"Ontario","IMRP","2024-08-07T18:23:23Z",10,40,-77.0685589999999,44.0666900000001,c(814854.828899629, 4886798.85993897),189,0.00122407891859688,0.00122407891859688,1.17273862036447,1.17273862036447
"190",190,190,"Ontario","IMRP","2024-08-07T18:23:35Z",0,33,-77.0685799999999,44.0666860000001,c(814853.168235936, 4886798.33523666),190,0.00111109266495536,0.00111109266495536,1.2072976179472,1.2072976179472
"191",191,191,"Ontario","IMRP","2024-08-07T18:23:55Z",0,34,-77.068619,44.066675,c(814850.103107072, 4886796.96408428),191,0.00128632519369062,0.00128632519369062,1.25009073980363,1.25009073980363
"192",192,192,"Ontario","IMRP","2024-08-07T18:24:28Z",0,30,-77.0686949999999,44.066654,c(814844.127717859, 4886794.34051785),192,0.000734749092490288,0.000734749092490288,1.24947607121167,1.24947607121167
"193",193,193,"Ontario","IMRP","2024-08-07T18:25:16Z",0,27,-77.069084,44.066517,c(814813.699764272, 4886777.63383289),193,0.00277564045513804,0.00277564045513804,1.35935533851092,1.35935533851092
"194",194,194,"Ontario","IMRP","2024-08-07T18:25:31Z",0,30,-77.0690979999999,44.066515,c(814812.589110943, 4886777.35809036),194,0.00326056664679379,0.00326056664679379,1.35934902553601,1.35934902553601
"195",195,195,"Ontario","IMRP","2024-08-07T18:25:46Z",10,27,-77.069138,44.066518,c(814809.369555603, 4886777.53821907),195,0.00153908888703013,0.00153908888703013,1.2974644090847,1.2974644090847
"196",196,196,"Ontario","IMRP","2024-08-07T18:26:01Z",0,20,-77.069170906,44.066502266,c(814806.817612681, 4886775.664571),196,0.00153431195453918,0.00153431195453918,1.35824415645712,1.35824415645712
"197",197,197,"Ontario","IMRP","2024-08-07T18:26:18Z",30,40,-77.0692129999999,44.0664790000001,c(814803.569776955, 4886772.91911887),197,0.00309719628540599,0.00309719628540599,1.35871674519177,1.35871674519177
"198",198,198,"Ontario","IMRP","2024-08-07T18:26:41Z",0,25,-77.0692769999999,44.0664800000001,c(814798.438657764, 4886772.7852372),198,0.00221834403964402,0.00221834403964402,1.29676350099656,1.29676350099656
"199",199,199,"Ontario","IMRP","2024-08-07T18:26:56Z",0,28,-77.069317,44.0664810000001,c(814795.229717772, 4886772.74321736),199,0.00173424777633754,0.00173424777633754,1.29623315453053,1.29623315453053
"200",200,200,"Ontario","IMRP","2024-08-07T18:27:16Z",0,25,-77.0693439999999,44.066469,c(814793.130964855, 4886771.30694405),200,0.00269860074454012,0.00269860074454012,1.29643409204707,1.29643409204707
"201",201,201,"Ontario","IMRP","2024-08-07T18:27:42Z",50,40,-77.069394,44.0664630000001,c(814789.158273257, 4886770.4491089),201,0.00260654568379989,0.00260654568379989,1.29508163655107,1.29508163655107
"202",202,202,"Ontario","IMRP","2024-08-07T18:27:59Z",20,34,-77.0694319999999,44.0664620000001,c(814786.120130324, 4886770.1925927),202,0.00135333139605995,0.00135333139605995,1.15953050990554,1.15953050990554
"203",203,203,"Ontario","IMRP","2024-08-07T18:28:16Z",40,42,-77.069462,44.066447,c(814783.797026454, 4886768.41160727),203,0.00150713629538659,0.00150713629538659,1.15997773600493,1.15997773600493
"204",204,204,"Ontario","IMRP","2024-08-07T18:28:46Z",50,41,-77.0695249999999,44.0664190000001,c(814778.899926463, 4886765.06031296),204,0.00249331185766749,0.00249331185766749,1.2195774078048,1.2195774078048
"205",205,205,"Ontario","IMRP","2024-08-07T18:29:01Z",30,45,-77.069561,44.0664080000001,c(814776.075041906, 4886763.70067826),205,0.00208849883496356,0.00208849883496356,1.21901224518494,1.21901224518494
"206",206,206,"Ontario","IMRP","2024-08-07T18:29:22Z",0,15,-77.069599,44.066404,c(814773.052819487, 4886763.11093495),206,0.000538821127778352,0.000538821127778352,1.21789988705875,1.21789988705875
"207",207,207,"Ontario","IMRP","2024-08-07T18:30:11Z",0,27,-77.0697469999999,44.066317,c(814761.66113241, 4886752.88076201),207,0.00183589324821856,0.00183589324821856,1.4561395650563,1.4561395650563
"208",208,208,"Ontario","IMRP","2024-08-07T18:53:24Z",0,19,-77.023790134,44.0334478510001,c(818618.848362679, 4883278.75659885),208,0.00389148282702472,0.00389148282702472,0.793414294780984,0.793414294780984
"209",209,209,"Ontario","IMRP","2024-08-07T18:54:03Z",0,23,-77.023858,44.0334570000001,c(818613.360775195, 4883279.51008976),209,0.00462812072065068,0.00462812072065068,0.725416301236573,0.725416301236573
"210",210,210,"Ontario","IMRP","2024-08-07T18:54:36Z",0,34,-77.023944,44.0334730000001,c(818606.383243423, 4883280.95437017),210,0.00524963583631652,0.00524963583631652,0.725902230918551,0.725902230918551
"211",211,211,"Ontario","IMRP","2024-08-07T18:55:03Z",10,37,-77.0240029999999,44.033484,c(818601.596209448, 4883281.94780108),211,0.00532800148487226,0.00532800148487226,0.726169313438531,0.726169313438531
"212",212,212,"Ontario","IMRP","2024-08-07T18:55:31Z",0,21,-77.024054,44.033487,c(818597.49319308, 4883282.08358627),212,0.0044367617888472,0.0044367617888472,1.12767249824653,1.12767249824653
"213",213,213,"Ontario","IMRP","2024-08-07T18:56:27Z",0,35,-77.0240879999999,44.0335160000001,c(818594.612958458, 4883285.17320727),213,0.0063900245119034,0.0063900245119034,1.12912790708676,1.12912790708676
"214",214,214,"Ontario","IMRP","2024-08-07T18:56:47Z",0,34,-77.024143,44.0335430000001,c(818590.060612372, 4883287.95937426),214,0.00283129576228243,0.00283129576228243,1.12938219774542,1.12938219774542
"215",215,215,"Ontario","IMRP","2024-08-07T18:57:19Z",40,67,-77.024121,44.0335860000001,c(818591.59284447, 4883292.82088385),215,0.00726768152268319,0.00726768152268319,1.13373615633294,1.13373615633294
"216",216,216,"Ontario","IMRP","2024-08-07T18:57:55Z",50,67,-77.0240489999999,44.0335710000001,c(818597.443095769, 4883291.43346508),216,0.0117484766547849,0.0117484766547849,1.13492967755842,1.13492967755842
"217",217,217,"Ontario","IMRP","2024-08-07T18:58:29Z",60,68,-77.023973,44.0335420000001,c(818603.689022836, 4883288.50645079),217,0.012285126261399,0.012285126261399,1.13525735813176,1.13525735813176
"218",218,218,"Ontario","IMRP","2024-08-07T18:59:01Z",40,63,-77.023918,44.0335240000001,c(818608.193076276, 4883286.71999164),218,0.0113559662031101,0.0113559662031101,0.800290314349794,0.800290314349794
"219",219,219,"Ontario","IMRP","2024-08-07T18:59:34Z",50,63,-77.0238689999999,44.0335200000001,c(818612.141186125, 4883286.46539223),219,0.0115864525227386,0.0115864525227386,0.80015501693605,0.80015501693605
"220",220,220,"Ontario","IMRP","2024-08-07T19:00:17Z",0,58,-77.023806,44.0335160000001,c(818617.211194768, 4883286.26499944),220,0.0116045128362064,0.0116045128362064,0.80004371027135,0.80004371027135
"221",221,221,"Ontario","IMRP","2024-08-07T19:01:00Z",0,56,-77.0237099999999,44.0335220000001,c(818624.87201045, 4883287.30315692),221,0.012136893600556,0.012136893600556,0.800761063783291,0.800761063783291
"222",222,222,"Ontario","IMRP","2024-08-07T19:01:39Z",0,55,-77.0236199999999,44.0335250000001,c(818632.068112014, 4883287.98485894),222,0.0126969947556987,0.0126969947556987,0.801164492356837,0.801164492356837
"223",223,223,"Ontario","IMRP","2024-08-07T19:02:08Z",0,25,-77.023622,44.0334710000001,c(818632.197656141, 4883281.97892274),223,0.00649030332666816,0.00649030332666816,0.796050590947709,0.796050590947709
"224",224,224,"Ontario","IMRP","2024-08-07T19:03:07Z",0,26,-77.023538,44.0334740000001,c(818638.912949717, 4883282.63740044),224,0.00737266559724548,0.00737266559724548,0.798213283778875,0.798213283778875
"225",225,225,"Ontario","IMRP","2024-08-07T19:03:39Z",0,19,-77.023447,44.0334930000001,c(818646.103317173, 4883285.10023185),225,0.00934365903913939,0.00934365903913939,0.80077037974479,0.80077037974479
"226",226,226,"Ontario","IMRP","2024-08-07T19:04:04Z",0,19,-77.0233689999999,44.0335020000001,c(818652.30559011, 4883286.40195672),226,0.0105512333852854,0.0105512333852854,1.00846995606502,1.00846995606502
"227",227,227,"Ontario","IMRP","2024-08-07T19:04:26Z",0,26,-77.023263,44.033514,c(818660.735555604, 4883288.14534368),227,0.0101587762414999,0.0101587762414999,1.01115154652693,1.01115154652693
"228",228,228,"Ontario","IMRP","2024-08-07T19:04:56Z",0,27,-77.023139,44.0335190000001,c(818670.645531341, 4883289.18090108),228,0.00758143991129564,0.00758143991129564,1.00778712424589,1.00778712424589
"229",229,229,"Ontario","IMRP","2024-08-07T19:05:26Z",0,33,-77.023038,44.0335380000001,c(818678.637238644, 4883291.68249289),229,0.00704048943489568,0.00704048943489568,1.00991415682258,1.00991415682258
"230",230,230,"Ontario","IMRP","2024-08-07T19:05:57Z",0,33,-77.022933,44.033556,c(818686.95485079, 4883294.08850741),230,0.00617634158923352,0.00617634158923352,1.01020993401134,1.01020993401134
"231",231,231,"Ontario","IMRP","2024-08-07T19:06:23Z",0,67,-77.0229439999999,44.033617,c(818685.745919392, 4883300.82164498),231,0.0129463220834413,0.0129463220834413,1.01552903804472,1.01552903804472
"232",232,232,"Ontario","IMRP","2024-08-07T19:07:19Z",0,65,-77.023027,44.033621,c(818679.073205468, 4883300.94453445),232,0.0156323115542824,0.0156323115542824,1.01695199797575,1.01695199797575
"233",233,233,"Ontario","IMRP","2024-08-07T19:08:17Z",0,55,-77.0231439999999,44.0336270000001,c(818669.665152123, 4883301.15792415),233,0.0193862263219288,0.0193862263219288,1.01911451821604,1.01911451821604
"234",234,234,"Ontario","IMRP","2024-08-07T19:09:49Z",0,54,-77.02322,44.033644,c(818663.483610907, 4883302.75194531),234,0.0231444946699179,0.0231444946699179,1.01817143418991,1.01817143418991
"235",235,235,"Ontario","IMRP","2024-08-07T19:10:33Z",0,54,-77.0233029999999,44.0336590000001,c(818656.751860213, 4883304.09671117),235,0.026893081554721,0.026893081554721,1.01888458242439,1.01888458242439
"236",236,236,"Ontario","IMRP","2024-08-07T19:11:34Z",0,63,-77.023447,44.0337040000001,c(818644.9708387, 4883308.53761345),236,0.0335105612334071,0.0335105612334071,1.02119957105622,1.02119957105622
"237",237,237,"Ontario","IMRP","2024-08-07T19:12:25Z",0,68,-77.0235749999999,44.033752,c(818634.455897904, 4883313.37372024),237,0.0386191105704524,0.0386191105704524,1.42664334987542,1.42664334987542
"238",238,238,"Ontario","IMRP","2024-08-07T19:13:13Z",40,75,-77.023646,44.0337700000001,c(818628.669688672, 4883315.09821047),238,0.0406027645911379,0.0406027645911379,1.4272668531677,1.4272668531677
"239",239,239,"Ontario","IMRP","2024-08-07T19:13:58Z",30,85,-77.023723,44.033782,c(818622.434872603, 4883316.13300883),239,0.041782361050289,0.041782361050289,1.42767957429117,1.42767957429117
"240",240,240,"Ontario","IMRP","2024-08-07T19:14:39Z",30,82,-77.02383,44.0337920000001,c(818613.806736023, 4883316.8295057),240,0.0412858266693487,0.0412858266693487,1.42738381731165,1.42738381731165
"241",241,241,"Ontario","IMRP","2024-08-07T19:15:26Z",60,83,-77.023949,44.0337940000001,c(818604.25991223, 4883316.59093333),241,0.0352141575175632,0.0352141575175632,1.16168320620844,1.16168320620844
"242",242,242,"Ontario","IMRP","2024-08-07T19:17:31Z",40,84,-77.024017,44.033821,c(818598.665823722, 4883319.32676281),242,0.0335482418416278,0.0335482418416278,1.16199862171514,1.16199862171514
"243",243,243,"Ontario","IMRP","2024-08-07T19:19:32Z",70,78,-77.024072,44.0337890000001,c(818594.430112865, 4883315.5593454),243,0.0280379332449206,0.0280379332449206,0.952968771911839,0.952968771911839
"244",244,244,"Ontario","IMRP","2024-08-07T19:20:43Z",70,77,-77.024177,44.033714,c(818586.418381535, 4883306.8220224),244,0.0164518520654472,0.0164518520654472,0.946481776663549,0.946481776663549
"245",245,245,"Ontario","IMRP","2024-08-07T19:27:21Z",0,28,-77.020046954,44.0352829380001,c(818908.952809695, 4883497.09329633),245,0.00189179631848998,0.00189179631848998,1.0240791158358,1.0240791158358
"246",246,246,"Ontario","IMRP","2024-08-07T19:27:52Z",0,33,-77.019955,44.035333,c(818916.052441146, 4883503.01043135),246,0.00159983053323298,0.00159983053323298,1.0242117925706,1.0242117925706
"247",247,247,"Ontario","IMRP","2024-08-07T19:28:40Z",0,30,-77.0198609999999,44.0354280000001,c(818923.074594951, 4883513.92711263),247,0.00562946444771323,0.00562946444771323,1.02836859351846,1.02836859351846
"248",248,248,"Ontario","IMRP","2024-08-07T19:29:48Z",NA,NA,-77.0197929999999,44.035467,c(818928.314119183, 4883518.52268522),248,0.00485722225260573,0.00485722225260573,1.02873307462222,1.02873307462222
"249",249,249,"Ontario","IMRP","2024-08-07T19:30:23Z",0,20,-77.019865,44.035486,c(818922.442473624, 4883520.35411524),249,0.0106066605181746,0.0106066605181746,1.03221824542605,1.03221824542605
"250",250,250,"Ontario","IMRP","2024-08-07T19:30:50Z",0,80,-77.019862,44.035491,c(818922.656011248, 4883520.92113041),250,0.0108346670337681,0.0108346670337681,1.03243426420987,1.03243426420987
"251",251,251,"Ontario","IMRP","2024-08-07T19:32:34Z",0,80,-77.019918,44.035446,c(818918.410314398, 4883515.70560288),251,0.0101938393240587,0.0101938393240587,1.03121678289039,1.03121678289039
"252",252,252,"Ontario","IMRP","2024-08-07T19:33:02Z",0,82,-77.019976,44.0354120000001,c(818913.945251621, 4883511.70418186),252,0.00992774024261364,0.00992774024261364,1.03083403582973,1.03083403582973
"253",253,253,"Ontario","IMRP","2024-08-07T19:33:37Z",60,85,-77.020031,44.0353710000001,c(818909.758186618, 4883506.93684677),253,0.00870823078743039,0.00870823078743039,1.03007700283227,1.03007700283227
"254",254,254,"Ontario","IMRP","2024-08-07T19:34:03Z",0,57,-77.020035,44.0353260000001,c(818909.679393718, 4883501.92284983),254,0.00476392620405864,0.00476392620405864,1.02696064719108,1.02696064719108
"255",255,255,"Ontario","IMRP","2024-08-07T19:34:29Z",0,58,-77.0199719999999,44.0353650000001,c(818914.518271392, 4883506.49903327),255,0.00537307195742175,0.00537307195742175,1.02747823468538,1.02747823468538
"256",256,256,"Ontario","IMRP","2024-08-07T19:35:02Z",0,65,-77.0199269999999,44.0354120000001,c(818917.87177033, 4883511.89408213),256,0.00761805141016537,0.00761805141016537,1.02925924787059,1.02925924787059
"257",257,257,"Ontario","IMRP","2024-08-07T19:35:42Z",0,62,-77.0198779999999,44.0354540000001,c(818921.572656272, 4883516.74924699),257,0.00874265430073364,0.00874265430073364,1.03049086599859,1.03049086599859
"258",258,258,"Ontario","IMRP","2024-08-07T19:41:15Z",0,14,-77.019707,44.0355240000001,c(818934.899324371, 4883525.18742393),258,0.00399964657680063,0.00399964657680063,1.02892194404366,1.02892194404366
"259",259,259,"Ontario","IMRP","2024-08-07T19:41:37Z",0,20,-77.019671,44.035579,c(818937.488620654, 4883531.43622384),259,0.00499043592053886,0.00499043592053886,1.07419523130446,1.07419523130446
"260",260,260,"Ontario","IMRP","2024-08-07T19:42:03Z",0,28,-77.019617,44.0356640000001,c(818941.359123013, 4883541.08712037),260,0.00767832332618153,0.00767832332618153,1.07682934708673,1.07682934708673
"261",261,261,"Ontario","IMRP","2024-08-07T19:42:32Z",0,17,-77.01956,44.0357300000001,c(818945.572090704, 4883548.6391717),261,0.00773856108780423,0.00773856108780423,1.07825203947343,1.07825203947343
"262",262,262,"Ontario","IMRP","2024-08-07T19:42:53Z",0,17,-77.019528,44.035762,c(818947.964407248, 4883552.31768665),262,0.00746455283025628,0.00746455283025628,1.07917193322071,1.07917193322071
"263",263,263,"Ontario","IMRP","2024-08-07T19:43:15Z",0,23,-77.019505,44.0358000000001,c(818949.603291757, 4883556.62778508),263,0.00802428957449573,0.00802428957449573,1.08115497544164,1.08115497544164
"264",264,264,"Ontario","IMRP","2024-08-07T19:43:40Z",0,56,-77.019537,44.035806,c(818947.006815176, 4883557.17022112),264,0.0106240568065017,0.0106240568065017,1.19657474189467,1.19657474189467
"265",265,265,"Ontario","IMRP","2024-08-07T19:44:08Z",0,64,-77.0195669999999,44.0357690000001,c(818944.801628693, 4883552.94406983),265,0.0105956605825925,0.0105956605825925,1.08215473586153,1.08215473586153
"266",266,266,"Ontario","IMRP","2024-08-07T19:44:33Z",0,65,-77.019626,44.0357240000001,c(818940.315574227, 4883547.7168984),266,0.0119503197418476,0.0119503197418476,1.08128098146642,1.08128098146642
"267",267,267,"Ontario","IMRP","2024-08-07T19:44:57Z",10,65,-77.019661,44.0356760000001,c(818937.768814143, 4883542.24951631),267,0.0114496833702181,0.0114496833702181,1.07904351418172,1.07904351418172
"268",268,268,"Ontario","IMRP","2024-08-07T19:45:22Z",10,66,-77.0197009999999,44.03563,c(818934.810640641, 4883536.98491199),268,0.0107485267905669,0.0107485267905669,1.07786087582683,1.07786087582683
"269",269,269,"Ontario","IMRP","2024-08-07T19:45:44Z",0,69,-77.019741,44.0355940000001,c(818931.798737854, 4883532.83108602),269,0.0106849110432343,0.0106849110432343,1.0773689146291,1.0773689146291
"270",270,270,"Ontario","IMRP","2024-08-07T19:46:19Z",0,76,-77.0198099999999,44.035539,c(818926.565052689, 4883526.45439144),270,0.0115124516889978,0.0115124516889978,1.0337900302735,1.0337900302735
"271",271,271,"Ontario","IMRP","2024-08-07T19:47:02Z",20,87,-77.019817,44.0355730000001,c(818925.821464325, 4883530.2039028),271,0.0143731138340971,0.0143731138340971,1.07975604596833,1.07975604596833
"272",272,272,"Ontario","IMRP","2024-08-07T19:47:29Z",40,93,-77.019795,44.0356,c(818927.439333227, 4883533.2882645),272,0.0147209409176866,0.0147209409176866,1.19357257921913,1.19357257921913
"273",273,273,"Ontario","IMRP","2024-08-07T19:48:13Z",30,89,-77.019751,44.0356420000001,c(818930.739534816, 4883538.12405724),273,0.0147565664679076,0.0147565664679076,1.19316465557549,1.19316465557549
"274",274,274,"Ontario","IMRP","2024-08-07T19:49:06Z",20,89,-77.019668,44.0357240000001,c(818936.950004471, 4883547.55411418),274,0.0148637191769431,0.0148637191769431,1.19434262790485,1.19434262790485
"275",275,275,"Ontario","IMRP","2024-08-07T19:49:57Z",10,92,-77.019638,44.035765,c(818939.133707732, 4883552.22457318),275,0.0152769310496393,0.0152769310496393,1.195750656857,1.195750656857
"276",276,276,"Ontario","IMRP","2024-08-07T19:50:21Z",30,90,-77.01958,44.035829,c(818943.437546622, 4883559.55834395),276,0.0149141147902808,0.0149141147902808,1.19801262412722,1.19801262412722
"277",277,277,"Ontario","IMRP","2024-08-08T14:03:29Z",100,49,-77.040023,43.9111040000001,c(817971.186043807, 4869626.4553575),277,0.0239019267449597,0.0239019267449597,0.590505911197986,0.590505911197986
"278",278,278,"Ontario","IMRP","2024-08-08T14:07:25Z",100,52,-77.0399199999999,43.9111500000001,c(817979.211742288, 4869631.9619708),278,0.0274004183508838,0.0274004183508838,0.594009707796881,0.594009707796881
"279",279,279,"Ontario","IMRP","2024-08-08T14:07:44Z",40,54,-77.0399429999999,43.911189,c(817977.15683181, 4869636.20527263),279,0.0319475903977283,0.0319475903977283,0.597474141128954,0.597474141128954
"280",280,280,"Ontario","IMRP","2024-08-08T14:08:09Z",10,56,-77.03999,43.91123,c(817973.16403467, 4869640.57819892),280,0.0369636701733776,0.0369636701733776,0.606908129060071,0.606908129060071
"281",281,281,"Ontario","IMRP","2024-08-08T14:08:36Z",20,59,-77.0400319999999,43.9112710000001,c(817969.572747114, 4869644.97040391),281,0.041009877210992,0.041009877210992,0.617957806440776,0.617957806440776
"282",282,282,"Ontario","IMRP","2024-08-08T14:09:02Z",20,57,-77.04009,43.9113090000001,c(817964.712648826, 4869648.9676975),282,0.0443445433261793,0.0443445433261793,0.620062962161469,0.620062962161469
"283",283,283,"Ontario","IMRP","2024-08-08T14:09:27Z",30,56,-77.040109,43.911304,c(817963.213596425, 4869648.33906628),283,0.0431336564748672,0.0431336564748672,0.620022794356278,0.620022794356278
"284",284,284,"Ontario","IMRP","2024-08-08T14:10:04Z",10,57,-77.040126,43.9113340000001,c(817961.688499634, 4869651.60581685),284,0.0457609414019814,0.0457609414019814,0.622649063157325,0.622649063157325
"285",285,285,"Ontario","IMRP","2024-08-08T14:10:30Z",30,59,-77.040138,43.911371,c(817960.527578939, 4869655.66937791),285,0.0495387816610164,0.0495387816610164,0.627543576244649,0.627543576244649
"286",286,286,"Ontario","IMRP","2024-08-08T14:11:20Z",40,65,-77.040227,43.9114070000001,c(817953.18883657, 4869659.32501567),286,0.0515378500927396,0.0515378500927396,0.627606432958405,0.627606432958405
"287",287,287,"Ontario","IMRP","2024-08-08T14:11:44Z",20,60,-77.04033,43.9114440000001,c(817944.720560891, 4869663.0377671),287,0.0514501134521176,0.0514501134521176,0.640004854414753,0.640004854414753
"288",288,288,"Ontario","IMRP","2024-08-08T14:12:12Z",60,60,-77.0404609999999,43.911432,c(817934.265160779, 4869661.19985215),288,0.0445160419479361,0.0445160419479361,0.638569313670631,0.638569313670631
"289",289,289,"Ontario","IMRP","2024-08-08T14:12:37Z",70,64,-77.040561,43.911418,c(817926.30974252, 4869659.2592995),289,0.0384364637693856,0.0384364637693856,0.495679014861086,0.495679014861086
"290",290,290,"Ontario","IMRP","2024-08-08T14:13:47Z",70,66,-77.040782,43.9114260000001,c(817908.520632135, 4869659.29602442),290,0.0332279711207746,0.0332279711207746,0.492595635405057,0.492595635405057
"291",291,291,"Ontario","IMRP","2024-08-08T14:14:09Z",100,68,-77.040832,43.9114430000001,c(817904.414956984, 4869660.99159403),291,0.0346857397268544,0.0346857397268544,0.492844845049957,0.492844845049957
"292",292,292,"Ontario","IMRP","2024-08-08T14:14:37Z",100,76,-77.040881,43.9114730000001,c(817900.320272224, 4869664.13501261),292,0.0386080172186042,0.0386080172186042,0.495600618215095,0.495600618215095
"293",293,293,"Ontario","IMRP","2024-08-08T14:15:11Z",30,75,-77.04099,43.9115180000001,c(817891.327582245, 4869668.71331393),293,0.0441967671957885,0.0441967671957885,0.493722099720911,0.493722099720911
"294",294,294,"Ontario","IMRP","2024-08-08T14:15:40Z",100,72,-77.0411089999999,43.9115400000001,c(817881.654523278, 4869670.69832903),294,0.0400637601911112,0.0400637601911112,0.493584086496105,0.493584086496105
"295",295,295,"Ontario","IMRP","2024-08-08T14:16:14Z",80,61,-77.0412669999999,43.9115610000001,c(817868.855082843, 4869672.4219708),295,0.0305683506145412,0.0305683506145412,0.306957938280875,0.306957938280875
"296",296,296,"Ontario","IMRP","2024-08-08T14:16:43Z",NA,NA,-77.041347,43.9115630000001,c(817862.420379975, 4869672.33579816),296,0.0268069761044343,0.0268069761044343,0.305691877213388,0.305691877213388
