<metadata><idinfo><citation><citeinfo><title>gl_high_resolution_islands_nhd_wbd_nhn_ohn</title><geoform>raster digital data</geoform></citeinfo></citation><status><update>Unknown</update></status><spdom><bounding><westbc>-93.456528</westbc><eastbc>-72.472068</eastbc><northbc>51.290278</northbc><southbc>39.282111</southbc></bounding></spdom><keywords><theme><themekt>None</themekt><themekey>Great Lakes, Laurentian Great Lakes, framework</themekey></theme><theme><themekt>ISO 19115 Topic Categories</themekt><themekey>inlandWaters</themekey><themekey>planningCadastre</themekey></theme><place><placekt>None</placekt><placekey>Great Lakes, Laurentian Great Lakes, Erie, Huron, Michigan, Ontario, Superior, St. Clair, Niagara River, St. Marys River, Ontario, Minnesota, Wisconsin, Illinois, Indiana, Michigan, Ohio, Pennsylvania, New York, framework</placekey></place></keywords><accconst>None</accconst><useconst>None</useconst><ptcontac><cntinfo><cntorgp><cntorg>University of Michigan SNRE, Institute for Fisheries Research</cntorg><cntper>Lacey Mason</cntper></cntorgp><cntpos>Computer Research Specialist</cntpos><cntaddr><addrtype>mailing and physical</addrtype><address>400 North Ingalls Building, NIB 400 G250</address><city>Ann Arbor</city><state>MI</state><postal>48109-5480</postal><country>US</country></cntaddr><cntvoice>734-663-3554 x.12155</cntvoice><cntemail>lmas@umich.edu</cntemail></cntinfo></ptcontac><ptcontac><cntinfo><cntorgp><cntorg>University of Michigan SNRE</cntorg><cntper>Catherine Riseng</cntper></cntorgp><cntpos>Research Associate</cntpos><cntaddr><addrtype>mailing and physical</addrtype><address>440 Church St., G170 Dana</address><city>Ann Arbor</city><state>MI</state><postal>48109-1041</postal><country>US</country></cntaddr><cntvoice>734-763-9422</cntvoice><cntemail>criseng@umich.edu</cntemail></cntinfo></ptcontac><ptcontac><cntinfo><cntorgp><cntorg>Michigan DNR, Insitute for Fisheries Research</cntorg><cntper>Danielle Forsyth</cntper></cntorgp><cntpos>Resource Analyst</cntpos><cntaddr><addrtype>mailing and physical</addrtype><address>400 North Ingalls Building, NIB 400 G250</address><city>Ann Arbor</city><state>MI</state><postal>48109-5480</postal><country>US</country></cntaddr><cntvoice>734-663-3554 x.11755</cntvoice><cntemail>ForsythD1@michigan.gov</cntemail></cntinfo></ptcontac><ptcontac><cntinfo><cntorgp><cntorg>University of Michigan SNRE, Institute for Fisheries Research</cntorg><cntper>Lacey Mason</cntper></cntorgp><cntpos>Computer Research Specialist</cntpos><cntaddr><addrtype>mailing and physical</addrtype><address>400 North Ingalls Building, NIB 400 G250</address><city>Ann Arbor</city><state>MI</state><postal>48109-5480</postal><country>US</country></cntaddr><cntvoice>734-663-3554 x.12155</cntvoice><cntemail>lmas@umich.edu</cntemail></cntinfo></ptcontac><ptcontac><cntinfo><cntorgp><cntorg>Michigan DNR, Insitute for Fisheries Research</cntorg><cntper>Danielle Forsyth</cntper></cntorgp><cntpos>Resource Analyst</cntpos><cntaddr><addrtype>mailing and physical</addrtype><address>400 North Ingalls Building, NIB 400 G250</address><city>Ann Arbor</city><state>MI</state><postal>48109-5480</postal><country>US</country></cntaddr><cntvoice>734-663-3554 x.11755</cntvoice><cntemail>ForsythD1@michigan.gov</cntemail></cntinfo></ptcontac><datacred>The Great Lakes Aquatic Habitat Framework (GLAHF) project has been funded by the Great Lakes Fishery Trust and lead by the University of Michigan School of Natural Resources and Environment, with partners from Michigan Department of Natural Resources-Institute for Fisheries Research, NOAA Great Lakes Environmental Research Laboratory, International Joint Commission, Michigan State University, The Nature Conservancy, Ontario Ministry of Natural Resources, University of Minnesota-Duluth, U.S. Fish &amp; Wildlife Service, U.S. Geological Survey and many collaborating partners in both the USA and Canada. More information about this project can be found at http://ifrgis.snre.umich.edu/projects/GLAHF/glahf.shtml.</datacred><native>Microsoft Windows 7 Version 6.1 (Build 7601) Service Pack 1; Esri ArcGIS 10.1.1.3143</native></idinfo><spdoinfo><direct>Raster</direct><rastinfo><rasttype>Grid Cell</rasttype></rastinfo><ptvctinf><esriterm Name="LKH_Water_Temp_May2025"><efeatyp Sync="TRUE">Simple</efeatyp><efeageom code="4" Sync="TRUE"></efeageom><esritopo Sync="TRUE">FALSE</esritopo><efeacnt Sync="TRUE">0</efeacnt><spindex Sync="TRUE">FALSE</spindex><linrefer Sync="TRUE">TRUE</linrefer></esriterm></ptvctinf></spdoinfo><spref><horizsys><geodetic><horizdn>D North American 1983</horizdn><ellips>GRS 1980</ellips><semiaxis>6378137.0</semiaxis><denflat>298.257222101</denflat></geodetic></horizsys></spref><eainfo><detailed Name="LKH_Water_Temp_May2025"><enttyp><enttypl>VAT_metadata_basics</enttypl><enttypt Sync="TRUE">Feature Class</enttypt><enttypc Sync="TRUE">0</enttypc></enttyp><attr><attrlabl Sync="TRUE">FID</attrlabl><attalias Sync="TRUE">FID</attalias><attrtype Sync="TRUE">OID</attrtype><attwidth Sync="TRUE">4</attwidth><atprecis Sync="TRUE">0</atprecis><attscale Sync="TRUE">0</attscale><attrdef Sync="TRUE">Internal feature number.</attrdef><attrdefs Sync="TRUE">Esri</attrdefs><attrdomv><udom Sync="TRUE">Sequential unique whole numbers that are automatically generated.</udom></attrdomv></attr><attr><attrlabl Sync="TRUE">Shape</attrlabl><attalias Sync="TRUE">Shape</attalias><attrtype Sync="TRUE">Geometry</attrtype><attwidth Sync="TRUE">0</attwidth><atprecis Sync="TRUE">0</atprecis><attscale Sync="TRUE">0</attscale><attrdef Sync="TRUE">Feature geometry.</attrdef><attrdefs Sync="TRUE">Esri</attrdefs><attrdomv><udom Sync="TRUE">Coordinates defining the features.</udom></attrdomv></attr><attr><attrlabl Sync="TRUE">FID_LKHuro</attrlabl><attalias Sync="TRUE">FID_LKHuro</attalias><attrtype Sync="TRUE">Integer</attrtype><attwidth Sync="TRUE">10</attwidth><atprecis Sync="TRUE">10</atprecis><attscale Sync="TRUE">0</attscale></attr><attr><attrlabl Sync="TRUE">FID_LakeHu</attrlabl><attalias Sync="TRUE">FID_LakeHu</attalias><attrtype Sync="TRUE">Integer</attrtype><attwidth Sync="TRUE">10</attwidth><atprecis Sync="TRUE">10</atprecis><attscale Sync="TRUE">0</attscale></attr><attr><attrlabl Sync="TRUE">OBJECTID_1</attrlabl><attalias Sync="TRUE">OBJECTID_1</attalias><attrtype Sync="TRUE">Integer</attrtype><attwidth Sync="TRUE">10</attwidth><atprecis Sync="TRUE">10</atprecis><attscale Sync="TRUE">0</attscale><attrdef Sync="TRUE">Internal feature number.</attrdef><attrdefs Sync="TRUE">Esri</attrdefs><attrdomv><udom Sync="TRUE">Sequential unique whole numbers that are automatically generated.</udom></attrdomv></attr><attr><attrlabl Sync="TRUE">GNIS_Name</attrlabl><attalias Sync="TRUE">GNIS_Name</attalias><attrtype Sync="TRUE">String</attrtype><attwidth Sync="TRUE">65</attwidth><atprecis Sync="TRUE">0</atprecis><attscale Sync="TRUE">0</attscale></attr><attr><attrlabl Sync="TRUE">AreaSqKm</attrlabl><attalias Sync="TRUE">AreaSqKm</attalias><attrtype Sync="TRUE">Double</attrtype><attwidth Sync="TRUE">19</attwidth><atprecis Sync="TRUE">0</atprecis><attscale Sync="TRUE">0</attscale></attr><attr><attrlabl Sync="TRUE">Shape_Leng</attrlabl><attalias Sync="TRUE">Shape_Leng</attalias><attrtype Sync="TRUE">Double</attrtype><attwidth Sync="TRUE">19</attwidth><atprecis Sync="TRUE">0</atprecis><attscale Sync="TRUE">0</attscale></attr><attr><attrlabl Sync="TRUE">Shape_Area</attrlabl><attalias Sync="TRUE">Shape_Area</attalias><attrtype Sync="TRUE">Double</attrtype><attwidth Sync="TRUE">19</attwidth><atprecis Sync="TRUE">0</atprecis><attscale Sync="TRUE">0</attscale><attrdef Sync="TRUE">Area of feature in internal units squared.</attrdef><attrdefs Sync="TRUE">Esri</attrdefs><attrdomv><udom Sync="TRUE">Positive real numbers that are automatically generated.</udom></attrdomv></attr><attr><attrlabl Sync="TRUE">FID_Lake_1</attrlabl><attalias Sync="TRUE">FID_Lake_1</attalias><attrtype Sync="TRUE">Integer</attrtype><attwidth Sync="TRUE">10</attwidth><atprecis Sync="TRUE">10</atprecis><attscale Sync="TRUE">0</attscale></attr><attr><attrlabl Sync="TRUE">FID_TempGL</attrlabl><attalias Sync="TRUE">FID_TempGL</attalias><attrtype Sync="TRUE">Integer</attrtype><attwidth Sync="TRUE">10</attwidth><atprecis Sync="TRUE">10</atprecis><attscale Sync="TRUE">0</attscale></attr><attr><attrlabl Sync="TRUE">Shape_Le_1</attrlabl><attalias Sync="TRUE">Shape_Le_1</attalias><attrtype Sync="TRUE">Double</attrtype><attwidth Sync="TRUE">19</attwidth><atprecis Sync="TRUE">0</atprecis><attscale Sync="TRUE">0</attscale></attr><attr><attrlabl Sync="TRUE">Id</attrlabl><attalias Sync="TRUE">Id</attalias><attrtype Sync="TRUE">Integer</attrtype><attwidth Sync="TRUE">10</attwidth><atprecis Sync="TRUE">10</atprecis><attscale Sync="TRUE">0</attscale></attr></detailed></eainfo><metainfo><metd>20140806</metd><metc><cntinfo><cntorgp><cntorg>University of Michigan SNRE, Institute for Fisheries Research</cntorg><cntper>Lacey Mason</cntper></cntorgp><cntpos>Computer Research Specialist</cntpos><cntaddr><addrtype>mailing and physical</addrtype><address>400 North Ingalls Building, NIB 400 G250</address><city>Ann Arbor</city><state>MI</state><postal>48109-5480</postal><country>US</country></cntaddr><cntvoice>734-663-3554 x.12155</cntvoice><cntemail>lmas@umich.edu</cntemail></cntinfo></metc><metstdn>FGDC Content Standard for Digital Geospatial Metadata</metstdn><metstdv>FGDC-STD-001-1998</metstdv><mettc>local time</mettc></metainfo><dataIdInfo><envirDesc Sync="TRUE">Microsoft Windows 10 Version 10.0 (Build 22631) ; Esri ArcGIS 12.9.7.32739</envirDesc><dataLang><languageCode value="eng" Sync="TRUE"/><countryCode value="USA" Sync="TRUE"/></dataLang><idCitation><resTitle Sync="FALSE">shoreline v1.1</resTitle><presForm><PresFormCd value="005" Sync="TRUE"/></presForm></idCitation><spatRpType><SpatRepTypCd value="001" Sync="TRUE"/></spatRpType><dataExt><vertEle><vertMinVal Sync="TRUE">0.000000</vertMinVal><vertMaxVal Sync="TRUE">0.000000</vertMaxVal></vertEle></dataExt><dataExt><geoEle xmlns=""><GeoBndBox esriExtentType="search"><exTypeCode Sync="TRUE">1</exTypeCode><westBL Sync="TRUE">-92.542434</westBL><eastBL Sync="TRUE">-73.170645</eastBL><northBL Sync="TRUE">49.190737</northBL><southBL Sync="TRUE">40.237439</southBL></GeoBndBox></geoEle></dataExt><idPurp>In order to create an updated high resolution shoreline layer (including islands) for the Great Lakes, the Great Lakes and connecting channel open water polygons from the NHD 1:24,000 were used to create a new shoreline, with a few exceptions (see below).  A corresponding high resolution island layer was created by erasing the finalized shoreline layers from a polygon that covered the extent of the shoreline. This shoreline includes additional EPA bays that were enforced into the GLAHF Hydrology Data V1 data package, and follows the extent of the GLAHF Hydrology Data V1 layers, which extend far into the St. Lawrence Seaway.  
</idPurp><idAbs>&lt;DIV STYLE="text-align:Left;"&gt;&lt;DIV&gt;&lt;DIV&gt;&lt;P&gt;&lt;SPAN&gt;The following outlines the deviations in this dataset from the NHD 1:24,000 open water polygons:&lt;/SPAN&gt;&lt;/P&gt;&lt;P&gt;&lt;SPAN /&gt;&lt;/P&gt;&lt;P&gt;&lt;SPAN&gt;1. NHD 1:24,000 data did not exist for the Canadian side of Lake Huron. For this shoreline, the summarized NHN 1:20,0000 shoreline was used from the synchronized Watershed Boundary Dataset (NHN data is available in ~50 work units for the Great Lakes and would have been time consuming to process)&lt;/SPAN&gt;&lt;/P&gt;&lt;P&gt;&lt;SPAN /&gt;&lt;/P&gt;&lt;P&gt;&lt;SPAN&gt;2. The NHN shoreline included in the WBD did not cover the St. Mary’s River, so a shoreline layer provided by the Ontario Ministry of Natural Resources (OMNR) that was created from the Ontario Hydro Network (OHN) was used. &lt;/SPAN&gt;&lt;/P&gt;&lt;P&gt;&lt;SPAN /&gt;&lt;/P&gt;&lt;P&gt;&lt;SPAN&gt;3. Islands for the St. Mary’s River and some larger islands in Lake Huron were added from the NHN&lt;/SPAN&gt;&lt;/P&gt;&lt;P&gt;&lt;SPAN /&gt;&lt;/P&gt;&lt;P&gt;&lt;SPAN&gt;4. A small number of islands that were notably missing were digitized and added to the Lake Michigan layer at the 1:24,000 scale.&lt;/SPAN&gt;&lt;/P&gt;&lt;P&gt;&lt;SPAN /&gt;&lt;/P&gt;&lt;P&gt;&lt;SPAN&gt;5. A set of EPA bays was used to add additional, prominent and bays and some river mouths to the Great Lakes shoreline basin wide.&lt;/SPAN&gt;&lt;/P&gt;&lt;P&gt;&lt;SPAN /&gt;&lt;/P&gt;&lt;P&gt;&lt;SPAN&gt;Year data layer created: 2014&lt;/SPAN&gt;&lt;/P&gt;&lt;P&gt;&lt;SPAN /&gt;&lt;/P&gt;&lt;P&gt;&lt;SPAN&gt;Data Download Date:&lt;/SPAN&gt;&lt;/P&gt;&lt;P&gt;&lt;SPAN /&gt;&lt;/P&gt;&lt;P&gt;&lt;SPAN&gt;National Hydrography Dataset 1:24,000 (1/13/2013)&lt;/SPAN&gt;&lt;/P&gt;&lt;P&gt;&lt;SPAN /&gt;&lt;/P&gt;&lt;P&gt;&lt;SPAN&gt;Watershed Boundary Dataset (acquired 1/7/13 from Kimberly Jones, USGS kjones@usgs.gov)&lt;/SPAN&gt;&lt;/P&gt;&lt;P&gt;&lt;SPAN /&gt;&lt;/P&gt;&lt;P&gt;&lt;SPAN&gt;NHN (downloaded 1/23/2013)&lt;/SPAN&gt;&lt;/P&gt;&lt;P&gt;&lt;SPAN /&gt;&lt;/P&gt;&lt;P&gt;&lt;SPAN&gt;OHN Shoreline (acquired 12/16/2013 from John Gaiot, OMNR john.gaiot@ontario.ca)&lt;/SPAN&gt;&lt;/P&gt;&lt;/DIV&gt;&lt;/DIV&gt;&lt;/DIV&gt;</idAbs><idCredit>The Great Lakes Aquatic Habitat Framework (GLAHF) project has been funded by the Great Lakes Fishery Trust and lead by the University of Michigan School of Natural Resources and Environment, with partners from Michigan Department of Natural Resources-Institute for Fisheries Research, NOAA Great Lakes Environmental Research Laboratory, International Joint Commission, Michigan State University, The Nature Conservancy, Ontario Ministry of Natural Resources, University of Minnesota-Duluth, U.S. Fish &amp; Wildlife Service, U.S. Geological Survey and many collaborating partners in both the USA and Canada. More information about this project can be found at http://ifrgis.snre.umich.edu/projects/GLAHF/glahf.shtml.</idCredit><searchKeys><keyword>Great Lakes</keyword><keyword>Laurentian Great Lakes</keyword><keyword>framework</keyword><keyword>inlandWaters</keyword><keyword>planningCadastre</keyword></searchKeys><resConst><Consts><useLimit>&lt;DIV STYLE="text-align:Left;"&gt;&lt;DIV&gt;&lt;DIV&gt;&lt;P&gt;&lt;SPAN&gt;None&lt;/SPAN&gt;&lt;/P&gt;&lt;/DIV&gt;&lt;/DIV&gt;&lt;/DIV&gt;</useLimit></Consts></resConst></dataIdInfo><mdLang><languageCode value="eng" Sync="TRUE"/><countryCode value="USA" Sync="TRUE"/></mdLang><Esri><DataProperties><itemProps><itemName Sync="TRUE">LKH_Water_Temp_May2025</itemName><imsContentType Sync="TRUE">002</imsContentType><nativeExtBox><westBL Sync="TRUE">284967.911600</westBL><eastBL Sync="TRUE">1718112.869600</eastBL><southBL Sync="TRUE">2099886.439100</southBL><northBL Sync="TRUE">2914949.871900</northBL><exTypeCode Sync="TRUE">1</exTypeCode></nativeExtBox><itemLocation><linkage Sync="TRUE">file://\\WLONBUR9046525\C$\Users\MidwoodJ\Desktop\LakePolys\LKH_Water_Temp_May2025.shp</linkage><protocol Sync="TRUE">Local Area Network</protocol></itemLocation><itemSize Sync="TRUE">0.000</itemSize></itemProps><coordRef><type Sync="TRUE">Geographic</type><geogcsn Sync="TRUE">GCS_WGS_1984</geogcsn><csUnits Sync="TRUE">Angular Unit: Degree (0.017453)</csUnits><peXml Sync="TRUE">&lt;GeographicCoordinateSystem xsi:type='typens:GeographicCoordinateSystem' xmlns:xsi='http://www.w3.org/2001/XMLSchema-instance' xmlns:xs='http://www.w3.org/2001/XMLSchema' xmlns:typens='http://www.esri.com/schemas/ArcGIS/2.9.0'&gt;&lt;WKT&gt;GEOGCS[&amp;quot;GCS_WGS_1984&amp;quot;,DATUM[&amp;quot;D_WGS_1984&amp;quot;,SPHEROID[&amp;quot;WGS_1984&amp;quot;,6378137.0,298.257223563]],PRIMEM[&amp;quot;Greenwich&amp;quot;,0.0],UNIT[&amp;quot;Degree&amp;quot;,0.0174532925199433],AUTHORITY[&amp;quot;EPSG&amp;quot;,4326]]&lt;/WKT&gt;&lt;XOrigin&gt;-400&lt;/XOrigin&gt;&lt;YOrigin&gt;-400&lt;/YOrigin&gt;&lt;XYScale&gt;11258999068426.238&lt;/XYScale&gt;&lt;ZOrigin&gt;-100000&lt;/ZOrigin&gt;&lt;ZScale&gt;10000&lt;/ZScale&gt;&lt;MOrigin&gt;-100000&lt;/MOrigin&gt;&lt;MScale&gt;10000&lt;/MScale&gt;&lt;XYTolerance&gt;8.983152841195215e-09&lt;/XYTolerance&gt;&lt;ZTolerance&gt;0.001&lt;/ZTolerance&gt;&lt;MTolerance&gt;0.001&lt;/MTolerance&gt;&lt;HighPrecision&gt;true&lt;/HighPrecision&gt;&lt;LeftLongitude&gt;-180&lt;/LeftLongitude&gt;&lt;WKID&gt;4326&lt;/WKID&gt;&lt;LatestWKID&gt;4326&lt;/LatestWKID&gt;&lt;/GeographicCoordinateSystem&gt;</peXml></coordRef><lineage><Process Name="Union" ToolSource="c:\program files (x86)\arcgis\desktop10.6\ArcToolbox\Toolboxes\Analysis Tools.tbx\Union" Date="20200204" Time="115851">Union "LakeHuronPoly_WGS #;LakeHuron_Land_forErase #" "I:\Fish Ecology Science\SAV_Tool\SAV Datasets\Fetch_Calc\LakePolygons\LakeHuron_LandWater_Union.shp" ALL # GAPS</Process><Process ToolSource="c:\program files (x86)\arcgis\desktop10.7\ArcToolbox\Toolboxes\Data Management Tools.tbx\Project" Date="20200211" Time="103818">Project LKHuron_Land_fromGLAF_Water_Feb2020 "I:\Fish Ecology Science\SAV_Tool\SAV Datasets\GIS\LakePolygons\LKHuron_Land_fromGLAF_Water_WGS_Feb2020.shp" GEOGCS['GCS_WGS_1984',DATUM['D_WGS_1984',SPHEROID['WGS_1984',6378137.0,298.257223563]],PRIMEM['Greenwich',0.0],UNIT['Degree',0.0174532925199433]] WGS_1984_(ITRF00)_To_NAD_1983 PROJCS['USA_Contiguous_Albers_Equal_Area_Conic_USGS_version',GEOGCS['GCS_North_American_1983',DATUM['D_North_American_1983',SPHEROID['GRS_1980',6378137.0,298.257222101]],PRIMEM['Greenwich',0.0],UNIT['Degree',0.0174532925199433]],PROJECTION['Albers'],PARAMETER['False_Easting',0.0],PARAMETER['False_Northing',0.0],PARAMETER['Central_Meridian',-96.0],PARAMETER['Standard_Parallel_1',29.5],PARAMETER['Standard_Parallel_2',45.5],PARAMETER['Latitude_Of_Origin',23.0],UNIT['Meter',1.0]] NO_PRESERVE_SHAPE # NO_VERTICAL</Process><Process ToolSource="c:\program files\arcgis\pro\Resources\ArcToolbox\toolboxes\Analysis Tools.tbx\Union" Date="20250523" Time="162726">Union "LKHuron_Land_fromGLAF_Water_WGS_Feb2020 #;TempGL #" "C:\Users\MidwoodJ\Documents\Projects\Remote Sensing\Physical Habitat mapping\Great_Lakes_FishData\Great_Lakes_FishData.gdb\LKH_Land_fromGLAF_Water_WGS_Temp" "All attributes" # GAPS</Process><Process ToolSource="c:\program files\arcgis\pro\Resources\ArcToolbox\toolboxes\Conversion Tools.tbx\FeatureClassToFeatureClass" Date="20250523" Time="163915">FeatureClassToFeatureClass "LKH_Land_fromGLAF_Water_WGS_Temp selection" C:\Users\MidwoodJ\Desktop\LakePolys LKH_Water_Temp_May2025.shp # "FID_LKHuron_Land_fromGLAF_Water_WGS_Feb2020 "FID_LKHuron_Land_fromGLAF_Water_WGS_Feb2020" true true false 4 Long 0 0,First,#,LKH_Land_fromGLAF_Water_WGS_Temp selection,FID_LKHuron_Land_fromGLAF_Water_WGS_Feb2020,-1,-1;FID_LakeHu "FID_LakeHu" true true false 4 Long 0 0,First,#,LKH_Land_fromGLAF_Water_WGS_Temp selection,FID_LakeHu,-1,-1;OBJECTID_1 "OBJECTID_1" true true false 4 Long 0 0,First,#,LKH_Land_fromGLAF_Water_WGS_Temp selection,OBJECTID_1,-1,-1;GNIS_Name "GNIS_Name" true true false 65 Text 0 0,First,#,LKH_Land_fromGLAF_Water_WGS_Temp selection,GNIS_Name,0,65;AreaSqKm "AreaSqKm" true true false 8 Double 0 0,First,#,LKH_Land_fromGLAF_Water_WGS_Temp selection,AreaSqKm,-1,-1;Shape_Leng "Shape_Leng" true true false 8 Double 0 0,First,#,LKH_Land_fromGLAF_Water_WGS_Temp selection,Shape_Leng,-1,-1;FID_Lake_1 "FID_Lake_1" true true false 4 Long 0 0,First,#,LKH_Land_fromGLAF_Water_WGS_Temp selection,FID_Lake_1,-1,-1;Id "Id" true true false 4 Long 0 0,First,#,LKH_Land_fromGLAF_Water_WGS_Temp selection,Id,-1,-1;FID_TempGL "FID_TempGL" true true false 4 Long 0 0,First,#,LKH_Land_fromGLAF_Water_WGS_Temp selection,FID_TempGL,-1,-1;Shape_Length "Shape_Length" false true true 8 Double 0 0,First,#,LKH_Land_fromGLAF_Water_WGS_Temp selection,Shape_Length,-1,-1;Shape_Area "Shape_Area" false true true 8 Double 0 0,First,#,LKH_Land_fromGLAF_Water_WGS_Temp selection,Shape_Area,-1,-1" #</Process></lineage></DataProperties><SyncDate>20250523</SyncDate><SyncTime>16391400</SyncTime><ModDate>20250523</ModDate><ModTime>16391400</ModTime><scaleRange><minScale>150000000</minScale><maxScale>5000</maxScale></scaleRange><ArcGISProfile>FGDC</ArcGISProfile><ArcGISFormat>1.0</ArcGISFormat><CreaDate>20200211</CreaDate><CreaTime>10381500</CreaTime><ArcGISstyle>FGDC CSDGM Metadata</ArcGISstyle><SyncOnce>FALSE</SyncOnce></Esri><distInfo><distFormat><formatName Sync="TRUE">Shapefile</formatName></distFormat><distTranOps><transSize Sync="TRUE">0.000</transSize></distTranOps></distInfo><mdHrLv><ScopeCd value="005" Sync="TRUE"/></mdHrLv><mdHrLvName Sync="TRUE">dataset</mdHrLvName><refSysInfo><RefSystem><refSysID><identCode code="4326" Sync="TRUE"/><idCodeSpace Sync="TRUE">EPSG</idCodeSpace><idVersion Sync="TRUE">6.2(3.0.1)</idVersion></refSysID></RefSystem></refSysInfo><spatRepInfo><VectSpatRep><geometObjs Name="LKH_Water_Temp_May2025"><geoObjTyp><GeoObjTypCd value="002" Sync="TRUE"></GeoObjTypCd></geoObjTyp><geoObjCnt Sync="TRUE">0</geoObjCnt></geometObjs><topLvl><TopoLevCd value="001" Sync="TRUE"></TopoLevCd></topLvl></VectSpatRep></spatRepInfo><mdDateSt Sync="TRUE">20250523</mdDateSt><mdContact xmlns=""><rpIndName>Catherine Riseng</rpIndName><rpOrgName>Univeristy of Michigan, Michigan Sea Grant</rpOrgName><role><RoleCd value="007"/></role><rpCntInfo xmlns=""><cntAddress addressType="both"><delPoint>G170 Dana, School of Natural Resources and Environment, 440 Church St</delPoint><city>Ann Arbor</city><adminArea>Michigan</adminArea><postCode>48109-1041</postCode><eMailAdd>criseng@umich.edu</eMailAdd><country>US</country></cntAddress><cntPhone><voiceNum tddtty="">734-763-9422</voiceNum></cntPhone></rpCntInfo></mdContact><mdContact xmlns=""><rpIndName>Lacey Mason</rpIndName><rpOrgName>University of Michigan</rpOrgName><role><RoleCd value="007"/></role><rpCntInfo xmlns=""><cntAddress addressType="both"><delPoint>Institute for Fisheries Research, 400 North Ingalls Building, NIB G250</delPoint><city>Ann Arbor</city><adminArea>Michigan</adminArea><postCode>48109-5480</postCode><eMailAdd>lmas@umich.edu</eMailAdd><country>US</country></cntAddress><cntPhone><voiceNum tddtty="">734.663.3554 ext. 12155</voiceNum></cntPhone></rpCntInfo></mdContact><mdContact xmlns=""><rpIndName>Danielle Forsyth</rpIndName><rpOrgName>Michigan Department of Natural Resources</rpOrgName><role><RoleCd value="007"/></role><rpCntInfo xmlns=""><cntAddress addressType="both"><delPoint>Institute for Fisheries Research, 400 North Ingalls Building, NIB G250</delPoint><city>Ann Arbor</city><adminArea>Michigan</adminArea><postCode>48109-5480</postCode><eMailAdd>ForsythD1@Michigan.gov</eMailAdd><country>US</country></cntAddress><cntPhone><voiceNum tddtty="">734.663.3554 ext. 11755</voiceNum></cntPhone></rpCntInfo><displayName>Lacey Mason</displayName></mdContact><mdChar><CharSetCd value="004" Sync="TRUE"></CharSetCd></mdChar></metadata>
